{
	"format_version": "1.9.0",
	"credit": "Made with Blockbench",
	"textures": {
		"0": "atrolon:item/party_horn",
		"particle": "atrolon:item/party_horn"
	},
	"elements": [
		{
			"from": [7, 0, 10],
			"to": [9, 2, 16],
			"rotation": {"angle": 0, "axis": "y", "origin": [7, 0, 0]},
			"faces": {
				"north": {"uv": [2, 10, 4, 12], "texture": "#0"},
				"east": {"uv": [0, 0, 6, 2], "texture": "#0"},
				"south": {"uv": [10, 2, 12, 4], "texture": "#0"},
				"west": {"uv": [0, 2, 6, 4], "texture": "#0"},
				"up": {"uv": [2, 10, 0, 4], "texture": "#0"},
				"down": {"uv": [4, 4, 2, 10], "texture": "#0"}
			}
		},
		{
			"from": [7, 0, 4],
			"to": [9, 1.8, 10],
			"rotation": {"angle": 0, "axis": "y", "origin": [7, 0, -6]},
			"faces": {
				"north": {"uv": [10, 4, 12, 6], "texture": "#0"},
				"east": {"uv": [4, 4, 10, 6], "texture": "#0"},
				"south": {"uv": [10, 8, 12, 10], "texture": "#0"},
				"west": {"uv": [6, 0, 12, 2], "texture": "#0"},
				"up": {"uv": [6, 12, 4, 6], "texture": "#0"},
				"down": {"uv": [8, 6, 6, 12], "texture": "#0"}
			}
		},
		{
			"from": [7, 0, 0],
			"to": [9, 1.5, 4],
			"rotation": {"angle": 0, "axis": "y", "origin": [7, 0, 0]},
			"faces": {
				"north": {"uv": [10, 10, 12, 12], "texture": "#0"},
				"east": {"uv": [6, 2, 10, 4], "texture": "#0"},
				"south": {"uv": [12, 0, 14, 2], "texture": "#0"},
				"west": {"uv": [8, 6, 12, 8], "texture": "#0"},
				"up": {"uv": [10, 12, 8, 8], "texture": "#0"},
				"down": {"uv": [2, 10, 0, 14], "texture": "#0"}
			}
		}
	],
	"display": {
		"thirdperson_righthand": {
			"rotation": [0, -12, 0],
			"translation": [0, 4.25, 0],
			"scale": [0.5, 0.5, 0.5]
		},
		"thirdperson_lefthand": {
			"rotation": [0, -12, 0],
			"translation": [0, 4.25, 0],
			"scale": [0.5, 0.5, 0.5]
		},
		"firstperson_righthand": {
			"translation": [0, 8.5, 0]
		},
		"firstperson_lefthand": {
			"translation": [0, 8.5, 0]
		},
		"ground": {
			"translation": [0, 4.5, 0]
		},
		"gui": {
			"rotation": [45, 45, 0],
			"translation": [0, 5.25, 0]
		},
		"head": {
			"translation": [0, 2, -14]
		}
	}
}