{
	"format_version": "1.21.6",
	"credit": "Made with Blockbench",
	"texture_size": [32, 32],
	"textures": {
		"0": "atrolon:item/hats/amogus"
	},
	"elements": [
		{
			"from": [7.6, 3, 9.8],
			"to": [9, 3.2, 10.9],
			"rotation": {"angle": 0, "axis": "y", "origin": [8, 3.5, 11.3]},
			"faces": {
				"north": {"uv": [0, 8, 0.5, 8.5], "texture": "#0"},
				"east": {"uv": [8, 2, 8.5, 2.5], "texture": "#0"},
				"south": {"uv": [3.5, 8, 4, 8.5], "texture": "#0"},
				"west": {"uv": [4.5, 8, 5, 8.5], "texture": "#0"},
				"up": {"uv": [8.5, 5, 8, 4.5], "texture": "#0"},
				"down": {"uv": [6, 8, 5.5, 8.5], "texture": "#0"}
			}
		},
		{
			"from": [7, 0, 8.5],
			"to": [9.6, 3.9, 10],
			"rotation": {"angle": 0, "axis": "y", "origin": [7, 0, 8]},
			"faces": {
				"north": {"uv": [0, 0, 1.5, 2], "texture": "#0"},
				"east": {"uv": [0, 2.5, 1, 4.5], "texture": "#0"},
				"south": {"uv": [2, 0, 3.5, 2], "texture": "#0"},
				"west": {"uv": [1.5, 2.5, 2.5, 4.5], "texture": "#0"},
				"up": {"uv": [4.5, 3.5, 3, 2.5], "texture": "#0"},
				"down": {"uv": [5.5, 0, 4, 1], "texture": "#0"}
			}
		},
		{
			"from": [7.5, 3.9, 8.5],
			"to": [9.1, 4.5, 10],
			"rotation": {"angle": 0, "axis": "y", "origin": [7, 3.9, 8]},
			"faces": {
				"north": {"uv": [4, 1.5, 5, 2], "texture": "#0"},
				"east": {"uv": [0, 5, 1, 5.5], "texture": "#0"},
				"south": {"uv": [1.5, 5, 2.5, 5.5], "texture": "#0"},
				"west": {"uv": [5, 2.5, 6, 3], "texture": "#0"},
				"up": {"uv": [4, 5, 3, 4], "texture": "#0"},
				"down": {"uv": [5.5, 4, 4.5, 5], "texture": "#0"}
			}
		},
		{
			"from": [9.3, 0, 6.4],
			"to": [10.4, 1.1, 8.5],
			"rotation": {"angle": -22.5, "axis": "y", "origin": [8.9, 0, 6.5]},
			"faces": {
				"north": {"uv": [8, 5.5, 8.5, 6], "texture": "#0"},
				"east": {"uv": [5.5, 1.5, 6.5, 2], "texture": "#0"},
				"south": {"uv": [6.5, 8, 7, 8.5], "texture": "#0"},
				"west": {"uv": [3, 5.5, 4, 6], "texture": "#0"},
				"up": {"uv": [5, 6.5, 4.5, 5.5], "texture": "#0"},
				"down": {"uv": [6, 5.5, 5.5, 6.5], "texture": "#0"}
			}
		},
		{
			"from": [6.3, 0, 7.1],
			"to": [7.4, 1.1, 9.2],
			"rotation": {"angle": 22.5, "axis": "y", "origin": [5.9, 0, 7.2]},
			"faces": {
				"north": {"uv": [7.5, 8, 8, 8.5], "texture": "#0"},
				"east": {"uv": [0, 6, 1, 6.5], "texture": "#0"},
				"south": {"uv": [8.5, 0, 9, 0.5], "texture": "#0"},
				"west": {"uv": [6, 0, 7, 0.5], "texture": "#0"},
				"up": {"uv": [2, 7, 1.5, 6], "texture": "#0"},
				"down": {"uv": [6.5, 3.5, 6, 4.5], "texture": "#0"}
			}
		},
		{
			"from": [7.5, 2.5, 8.1],
			"to": [7.65, 3.6, 8.9],
			"rotation": {"angle": 0, "axis": "y", "origin": [8.35, 3.05, 8.5]},
			"faces": {
				"north": {"uv": [1, 8.5, 1.5, 9], "texture": "#0"},
				"east": {"uv": [8.5, 1, 9, 1.5], "texture": "#0"},
				"south": {"uv": [2, 8.5, 2.5, 9], "texture": "#0"},
				"west": {"uv": [8.5, 3, 9, 3.5], "texture": "#0"},
				"up": {"uv": [9, 7, 8.5, 6.5], "texture": "#0"},
				"down": {"uv": [9, 7.5, 8.5, 8], "texture": "#0"}
			}
		},
		{
			"from": [7.85, 2.5, 8.1],
			"to": [9.1, 3.6, 8.9],
			"rotation": {"angle": 0, "axis": "y", "origin": [8.35, 3.05, 8.5]},
			"faces": {
				"north": {"uv": [8.5, 8.5, 9, 9], "texture": "#0"},
				"east": {"uv": [0, 9, 0.5, 9.5], "texture": "#0"},
				"south": {"uv": [9, 2, 9.5, 2.5], "texture": "#0"},
				"west": {"uv": [3, 9, 3.5, 9.5], "texture": "#0"},
				"up": {"uv": [4.5, 9.5, 4, 9], "texture": "#0"},
				"down": {"uv": [9.5, 4, 9, 4.5], "texture": "#0"}
			}
		},
		{
			"from": [7.65, 2.5, 8.1],
			"to": [7.85, 3.6, 8.9],
			"rotation": {"angle": 0, "axis": "y", "origin": [8.35, 3.05, 8.5]},
			"faces": {
				"north": {"uv": [5, 9, 5.5, 9.5], "texture": "#0"},
				"east": {"uv": [9, 5, 9.5, 5.5], "texture": "#0"},
				"south": {"uv": [6, 9, 6.5, 9.5], "texture": "#0"},
				"west": {"uv": [7, 9, 7.5, 9.5], "texture": "#0"},
				"up": {"uv": [10, 0.5, 9.5, 0], "texture": "#0"},
				"down": {"uv": [1.5, 9.5, 1, 10], "texture": "#0"}
			}
		},
		{
			"from": [7.4, 1, 9.8],
			"to": [9.2, 2.4, 10.9],
			"rotation": {"angle": 0, "axis": "z", "origin": [8, 3, 11.3]},
			"faces": {
				"north": {"uv": [2.5, 6.5, 3.5, 7], "texture": "#0"},
				"east": {"uv": [9.5, 1, 10, 1.5], "texture": "#0"},
				"south": {"uv": [6.5, 2.5, 7.5, 3], "texture": "#0"},
				"west": {"uv": [2, 9.5, 2.5, 10], "texture": "#0"},
				"up": {"uv": [7.5, 5.5, 6.5, 5], "texture": "#0"},
				"down": {"uv": [7.5, 6, 6.5, 6.5], "texture": "#0"}
			}
		},
		{
			"from": [7.4, 2.5, 9.8],
			"to": [9.2, 3, 10.9],
			"rotation": {"angle": 0, "axis": "z", "origin": [8, 3, 11.3]},
			"faces": {
				"north": {"uv": [0, 7, 1, 7.5], "texture": "#0"},
				"east": {"uv": [9.5, 3, 10, 3.5], "texture": "#0"},
				"south": {"uv": [7, 1, 8, 1.5], "texture": "#0"},
				"west": {"uv": [9.5, 6, 10, 6.5], "texture": "#0"},
				"up": {"uv": [8, 4, 7, 3.5], "texture": "#0"},
				"down": {"uv": [5, 7, 4, 7.5], "texture": "#0"}
			}
		},
		{
			"from": [7.4, 2.4, 9.8],
			"to": [8.2, 2.5, 10.8],
			"rotation": {"angle": 0, "axis": "z", "origin": [8, 3, 11.3]},
			"faces": {
				"north": {"uv": [9.5, 7, 10, 7.5], "texture": "#0"},
				"east": {"uv": [8, 9.5, 8.5, 10], "texture": "#0"},
				"south": {"uv": [9.5, 8, 10, 8.5], "texture": "#0"},
				"west": {"uv": [9, 9.5, 9.5, 10], "texture": "#0"},
				"up": {"uv": [0.5, 10.5, 0, 10], "texture": "#0"},
				"down": {"uv": [10.5, 2, 10, 2.5], "texture": "#0"}
			}
		},
		{
			"from": [8.2, 2.3, 9.8],
			"to": [8.4, 2.6, 11],
			"rotation": {"angle": 0, "axis": "z", "origin": [8, 3, 11.3]},
			"faces": {
				"north": {"uv": [3, 10, 3.5, 10.5], "texture": "#0"},
				"east": {"uv": [4, 10, 4.5, 10.5], "texture": "#0"},
				"south": {"uv": [10, 4, 10.5, 4.5], "texture": "#0"},
				"west": {"uv": [5, 10, 5.5, 10.5], "texture": "#0"},
				"up": {"uv": [10.5, 5.5, 10, 5], "texture": "#0"},
				"down": {"uv": [6.5, 10, 6, 10.5], "texture": "#0"}
			}
		},
		{
			"from": [8.4, 2.4, 9.8],
			"to": [9.2, 2.5, 10.8],
			"rotation": {"angle": 0, "axis": "z", "origin": [8, 3, 11.3]},
			"faces": {
				"north": {"uv": [7, 10, 7.5, 10.5], "texture": "#0"},
				"east": {"uv": [10, 9, 10.5, 9.5], "texture": "#0"},
				"south": {"uv": [10, 10, 10.5, 10.5], "texture": "#0"},
				"west": {"uv": [10.5, 0, 11, 0.5], "texture": "#0"},
				"up": {"uv": [1.5, 11, 1, 10.5], "texture": "#0"},
				"down": {"uv": [11, 1, 10.5, 1.5], "texture": "#0"}
			}
		},
		{
			"from": [7.2, 2.7, 8.2],
			"to": [7.5, 3.4, 8.9],
			"rotation": {"angle": 0, "axis": "y", "origin": [8.25, 3.05, 8.5]},
			"faces": {
				"north": {"uv": [2, 10.5, 2.5, 11], "texture": "#0"},
				"east": {"uv": [10.5, 3, 11, 3.5], "texture": "#0"},
				"south": {"uv": [10.5, 6, 11, 6.5], "texture": "#0"},
				"west": {"uv": [10.5, 7, 11, 7.5], "texture": "#0"},
				"up": {"uv": [8.5, 11, 8, 10.5], "texture": "#0"},
				"down": {"uv": [11, 8, 10.5, 8.5], "texture": "#0"}
			}
		},
		{
			"from": [9.1, 2.7, 8.2],
			"to": [9.4, 3.4, 8.9],
			"rotation": {"angle": 0, "axis": "y", "origin": [8.35, 3.05, 8.5]},
			"faces": {
				"north": {"uv": [5.5, 7, 6, 7.5], "texture": "#0"},
				"east": {"uv": [6.5, 7, 7, 7.5], "texture": "#0"},
				"south": {"uv": [7.5, 0, 8, 0.5], "texture": "#0"},
				"west": {"uv": [1.5, 7.5, 2, 8], "texture": "#0"},
				"up": {"uv": [3, 8, 2.5, 7.5], "texture": "#0"},
				"down": {"uv": [8, 7, 7.5, 7.5], "texture": "#0"}
			}
		}
	],
	"display": {
		"head": {
			"translation": [0, 14.5, 0]
		}
	},
	"groups": [
		{
			"name": "group",
			"origin": [8, 3.5, 11.3],
			"color": 0,
			"children": [0, 1, 2, 3, 4, 5, 6, 7, 8, 9, 10, 11, 12, 13, 14]
		}
	]
}