{
	"format_version": "1.9.0",
	"credit": "Made with Blockbench",
	"ambientocclusion": false,
	"texture_size": [64, 64],
	"textures": {
		"1": "atrolon:item/hats/anonymous_mask"
	},
	"elements": [
		{
			"from": [0, 0, 0],
			"to": [15, 15, 0.1],
			"faces": {
				"north": {"uv": [0, 0, 3.75, 3.75], "texture": "#1"},
				"east": {"uv": [4.75, 3, 5, 6.75], "texture": "#1"},
				"south": {"uv": [0, 3.75, 3.75, 7.5], "texture": "#1"},
				"west": {"uv": [5, 3, 5.25, 6.75], "texture": "#1"},
				"up": {"uv": [9, 3.25, 5.25, 3], "texture": "#1"},
				"down": {"uv": [9, 3.25, 5.25, 3.5], "texture": "#1"}
			}
		},
		{
			"from": [0, 6, 0.1],
			"to": [0.1, 8, 15.9],
			"rotation": {"angle": 0, "axis": "y", "origin": [0, 6, -1]},
			"faces": {
				"north": {"uv": [5.25, 4, 5.5, 4.5], "texture": "#1", "cullface": "north"},
				"east": {"uv": [3.75, 0, 7.75, 0.5], "texture": "#1"},
				"south": {"uv": [5.25, 4.5, 5.5, 5], "texture": "#1"},
				"west": {"uv": [3.75, 0.5, 7.75, 1], "texture": "#1"},
				"up": {"uv": [4, 7, 3.75, 3], "texture": "#1"},
				"down": {"uv": [4.25, 3, 4, 7], "texture": "#1"}
			}
		},
		{
			"from": [15, 6, 0.1],
			"to": [15.1, 8, 15.9],
			"rotation": {"angle": 0, "axis": "y", "origin": [15, 6, 0]},
			"faces": {
				"north": {"uv": [5.25, 5, 5.5, 5.5], "texture": "#1"},
				"east": {"uv": [3.75, 1, 7.75, 1.5], "texture": "#1"},
				"south": {"uv": [5.5, 4, 5.75, 4.5], "texture": "#1"},
				"west": {"uv": [3.75, 1.5, 7.75, 2], "texture": "#1"},
				"up": {"uv": [4.5, 7, 4.25, 3], "texture": "#1"},
				"down": {"uv": [4.75, 3, 4.5, 7], "texture": "#1"}
			}
		},
		{
			"from": [0, 6, 15.9],
			"to": [15, 8, 16],
			"rotation": {"angle": 0, "axis": "y", "origin": [0, 6, 16]},
			"faces": {
				"north": {"uv": [3.75, 2, 7.5, 2.5], "texture": "#1"},
				"east": {"uv": [5.5, 4.5, 5.75, 5], "texture": "#1"},
				"south": {"uv": [3.75, 2.5, 7.5, 3], "texture": "#1"},
				"west": {"uv": [5.5, 5, 5.75, 5.5], "texture": "#1"},
				"up": {"uv": [9, 3.75, 5.25, 3.5], "texture": "#1"},
				"down": {"uv": [9, 3.75, 5.25, 4], "texture": "#1"}
			}
		}
	],
	"display": {
		"thirdperson_righthand": {
			"translation": [0, -1.25, 2.75],
			"scale": [0.4, 0.4, 0.4]
		},
		"thirdperson_lefthand": {
			"translation": [0, -1.25, 2.75],
			"scale": [0.4, 0.4, 0.4]
		},
		"firstperson_righthand": {
			"translation": [0, -80, 0]
		},
		"firstperson_lefthand": {
			"translation": [0, -80, 0]
		},
		"ground": {
			"translation": [0, 4.5, 0]
		},
		"gui": {
			"rotation": [0, -180, 0],
			"translation": [-0.5, 0.5, 0],
			"scale": [0.95, 0.95, 0.95]
		},
		"head": {
			"translation": [0.5, 0.5, 0],
			"scale": [0.87, 0.87, 0.87]
		},
		"fixed": {
			"translation": [0, 0, 8.5]
		}
	},
	"groups": [
		0,
		{
			"name": "group",
			"origin": [8, 8, 8],
			"color": 0,
			"children": [1, 2, 3]
		}
	]
}