{
	"format_version": "1.9.0",
	"credit": "Made with Blockbench",
	"textures": {
		"2": "atrolon:item/hats/arrow_in_head"
	},
	"elements": [
		{
			"from": [1, 3, 7],
			"to": [16, 4, 8],
			"rotation": {"angle": 0, "axis": "y", "origin": [1, 3, 7]},
			"faces": {
				"north": {"uv": [0, 0, 15, 1], "texture": "#2"},
				"east": {"uv": [0, 4, 1, 5], "texture": "#2"},
				"south": {"uv": [0, 1, 15, 2], "texture": "#2"},
				"west": {"uv": [1, 4, 2, 5], "texture": "#2"},
				"up": {"uv": [15, 3, 0, 2], "texture": "#2"},
				"down": {"uv": [15, 3, 0, 4], "texture": "#2"}
			}
		},
		{
			"from": [0.25, 3.5, 7.35],
			"to": [1, 4, 7.65],
			"rotation": {"angle": 0, "axis": "y", "origin": [0.25, 3.5, 7.35]},
			"faces": {
				"north": {"uv": [10, 10, 11, 10.5], "texture": "#2"},
				"east": {"uv": [7, 11, 7.5, 11.5], "texture": "#2"},
				"south": {"uv": [0, 11, 1, 11.5], "texture": "#2"},
				"west": {"uv": [8, 11, 8.5, 11.5], "texture": "#2"},
				"up": {"uv": [2, 11.5, 1, 11], "texture": "#2"},
				"down": {"uv": [3, 11, 2, 11.5], "texture": "#2"}
			}
		},
		{
			"from": [0.25, 3, 7.35],
			"to": [1, 3.5, 7.65],
			"rotation": {"angle": 0, "axis": "y", "origin": [0.25, 3, 7.35]},
			"faces": {
				"north": {"uv": [3, 11, 4, 11.5], "texture": "#2"},
				"east": {"uv": [9, 11, 9.5, 11.5], "texture": "#2"},
				"south": {"uv": [4, 11, 5, 11.5], "texture": "#2"},
				"west": {"uv": [10, 11, 10.5, 11.5], "texture": "#2"},
				"up": {"uv": [6, 11.5, 5, 11], "texture": "#2"},
				"down": {"uv": [7, 11, 6, 11.5], "texture": "#2"}
			}
		},
		{
			"from": [-0.25, 3.25, 7.4],
			"to": [0.25, 3.75, 7.6],
			"rotation": {"angle": 0, "axis": "y", "origin": [-0.25, 3.25, 7.4]},
			"faces": {
				"north": {"uv": [11, 10, 11.5, 10.5], "texture": "#2"},
				"east": {"uv": [11, 11, 11.5, 11.5], "texture": "#2"},
				"south": {"uv": [0, 12, 0.5, 12.5], "texture": "#2"},
				"west": {"uv": [1, 12, 1.5, 12.5], "texture": "#2"},
				"up": {"uv": [2.5, 12.5, 2, 12], "texture": "#2"},
				"down": {"uv": [3.5, 12, 3, 12.5], "texture": "#2"}
			}
		},
		{
			"from": [0.75, 4, 7.25],
			"to": [2, 4.4, 7.75],
			"rotation": {"angle": 0, "axis": "y", "origin": [0.75, 4, 7.25]},
			"faces": {
				"north": {"uv": [10, 4, 11.5, 4.5], "texture": "#2"},
				"east": {"uv": [4, 12, 4.5, 12.5], "texture": "#2"},
				"south": {"uv": [10, 5, 11.5, 5.5], "texture": "#2"},
				"west": {"uv": [12, 4, 12.5, 4.5], "texture": "#2"},
				"up": {"uv": [7.5, 10.5, 6, 10], "texture": "#2"},
				"down": {"uv": [11.5, 6, 10, 6.5], "texture": "#2"}
			}
		},
		{
			"from": [0.75, 2.6, 7.25],
			"to": [2, 3, 7.75],
			"rotation": {"angle": 0, "axis": "y", "origin": [0.75, 2.6, 7.25]},
			"faces": {
				"north": {"uv": [10, 7, 11.5, 7.5], "texture": "#2"},
				"east": {"uv": [5, 12, 5.5, 12.5], "texture": "#2"},
				"south": {"uv": [8, 10, 9.5, 10.5], "texture": "#2"},
				"west": {"uv": [12, 5, 12.5, 5.5], "texture": "#2"},
				"up": {"uv": [11.5, 8.5, 10, 8], "texture": "#2"},
				"down": {"uv": [11.5, 9, 10, 9.5], "texture": "#2"}
			}
		},
		{
			"from": [14.25, 2.5, 7.25],
			"to": [16, 3, 7.75],
			"rotation": {"angle": 0, "axis": "y", "origin": [14.25, 2.5, 7.25]},
			"faces": {
				"north": {"uv": [2, 4, 4, 4.5], "texture": "#2"},
				"east": {"uv": [6, 12, 6.5, 12.5], "texture": "#2"},
				"south": {"uv": [4, 4, 6, 4.5], "texture": "#2"},
				"west": {"uv": [12, 6, 12.5, 6.5], "texture": "#2"},
				"up": {"uv": [2, 5.5, 0, 5], "texture": "#2"},
				"down": {"uv": [4, 5, 2, 5.5], "texture": "#2"}
			}
		},
		{
			"from": [14.25, 4, 7.25],
			"to": [16, 4.5, 7.75],
			"rotation": {"angle": 0, "axis": "y", "origin": [14.25, 4, 7.25]},
			"faces": {
				"north": {"uv": [4, 5, 6, 5.5], "texture": "#2"},
				"east": {"uv": [7, 12, 7.5, 12.5], "texture": "#2"},
				"south": {"uv": [0, 6, 2, 6.5], "texture": "#2"},
				"west": {"uv": [12, 7, 12.5, 7.5], "texture": "#2"},
				"up": {"uv": [4, 6.5, 2, 6], "texture": "#2"},
				"down": {"uv": [6, 6, 4, 6.5], "texture": "#2"}
			}
		},
		{
			"from": [14.25, 3.25, 8],
			"to": [16, 3.75, 8.5],
			"rotation": {"angle": 0, "axis": "x", "origin": [14.25, 3.75, 8]},
			"faces": {
				"north": {"uv": [6, 4, 8, 4.5], "texture": "#2"},
				"east": {"uv": [8, 12, 8.5, 12.5], "texture": "#2"},
				"south": {"uv": [6, 5, 8, 5.5], "texture": "#2"},
				"west": {"uv": [12, 8, 12.5, 8.5], "texture": "#2"},
				"up": {"uv": [8, 6.5, 6, 6], "texture": "#2"},
				"down": {"uv": [2, 7, 0, 7.5], "texture": "#2"}
			}
		},
		{
			"from": [14.25, 3.25, 6.5],
			"to": [16, 3.75, 7],
			"rotation": {"angle": 0, "axis": "x", "origin": [14.25, 3.75, 6.5]},
			"faces": {
				"north": {"uv": [2, 7, 4, 7.5], "texture": "#2"},
				"east": {"uv": [9, 12, 9.5, 12.5], "texture": "#2"},
				"south": {"uv": [4, 7, 6, 7.5], "texture": "#2"},
				"west": {"uv": [12, 9, 12.5, 9.5], "texture": "#2"},
				"up": {"uv": [8, 7.5, 6, 7], "texture": "#2"},
				"down": {"uv": [2, 8, 0, 8.5], "texture": "#2"}
			}
		},
		{
			"from": [15, 4.5, 7.25],
			"to": [16.75, 5, 7.75],
			"rotation": {"angle": 0, "axis": "y", "origin": [15, 4.5, 7.25]},
			"faces": {
				"north": {"uv": [2, 8, 4, 8.5], "texture": "#2"},
				"east": {"uv": [10, 12, 10.5, 12.5], "texture": "#2"},
				"south": {"uv": [4, 8, 6, 8.5], "texture": "#2"},
				"west": {"uv": [12, 10, 12.5, 10.5], "texture": "#2"},
				"up": {"uv": [10, 4.5, 8, 4], "texture": "#2"},
				"down": {"uv": [10, 5, 8, 5.5], "texture": "#2"}
			}
		},
		{
			"from": [15, 3.25, 6],
			"to": [16.75, 3.75, 6.5],
			"rotation": {"angle": 0, "axis": "y", "origin": [15, 3.25, 6]},
			"faces": {
				"north": {"uv": [6, 8, 8, 8.5], "texture": "#2"},
				"east": {"uv": [11, 12, 11.5, 12.5], "texture": "#2"},
				"south": {"uv": [8, 6, 10, 6.5], "texture": "#2"},
				"west": {"uv": [12, 11, 12.5, 11.5], "texture": "#2"},
				"up": {"uv": [10, 7.5, 8, 7], "texture": "#2"},
				"down": {"uv": [10, 8, 8, 8.5], "texture": "#2"}
			}
		},
		{
			"from": [15, 3.25, 8.5],
			"to": [16.75, 3.75, 9],
			"rotation": {"angle": 0, "axis": "y", "origin": [15, 3.25, 8.5]},
			"faces": {
				"north": {"uv": [0, 9, 2, 9.5], "texture": "#2"},
				"east": {"uv": [12, 12, 12.5, 12.5], "texture": "#2"},
				"south": {"uv": [2, 9, 4, 9.5], "texture": "#2"},
				"west": {"uv": [0, 13, 0.5, 13.5], "texture": "#2"},
				"up": {"uv": [6, 9.5, 4, 9], "texture": "#2"},
				"down": {"uv": [8, 9, 6, 9.5], "texture": "#2"}
			}
		},
		{
			"from": [15, 2, 7.25],
			"to": [16.75, 2.5, 7.75],
			"rotation": {"angle": 0, "axis": "y", "origin": [15, 2, 7.25]},
			"faces": {
				"north": {"uv": [8, 9, 10, 9.5], "texture": "#2"},
				"east": {"uv": [1, 13, 1.5, 13.5], "texture": "#2"},
				"south": {"uv": [0, 10, 2, 10.5], "texture": "#2"},
				"west": {"uv": [2, 13, 2.5, 13.5], "texture": "#2"},
				"up": {"uv": [4, 10.5, 2, 10], "texture": "#2"},
				"down": {"uv": [6, 10, 4, 10.5], "texture": "#2"}
			}
		}
	],
	"display": {
		"thirdperson_righthand": {
			"rotation": [0, 0, -35],
			"translation": [1, 0.5, 1],
			"scale": [0.5, 0.5, 0.5]
		},
		"thirdperson_lefthand": {
			"rotation": [0, 0, 135],
			"translation": [-1.5, -2.75, 1],
			"scale": [0.5, 0.5, 0.5]
		},
		"firstperson_righthand": {
			"rotation": [0, 0, -35],
			"translation": [1, -1, 1],
			"scale": [0.5, 0.5, 0.5]
		},
		"firstperson_lefthand": {
			"translation": [0, -2.75, 0]
		},
		"ground": {
			"translation": [0, 2, 0]
		},
		"gui": {
			"rotation": [50, -180, -31],
			"translation": [-1.75, 3.75, 0],
			"scale": [0.9, 0.9, 0.9]
		},
		"head": {
			"rotation": [30, 0, 0],
			"translation": [0, 5.5, 3.5],
			"scale": [1.4, 1.4, 1.4]
		}
	},
	"groups": [
		0,
		{
			"name": "group",
			"origin": [8, 8, 8],
			"color": 0,
			"children": [1, 2, 3, 4, 5]
		},
		{
			"name": "group",
			"origin": [8, 8, 8],
			"color": 0,
			"children": [6, 7, 8, 9]
		},
		{
			"name": "group",
			"origin": [8, 8, 8],
			"color": 0,
			"children": [10, 11, 12, 13]
		}
	]
}