{
	"format_version": "1.9.0",
	"credit": "Made with Blockbench",
	"ambientocclusion": false,
	"texture_size": [32, 32],
	"textures": {
		"3": "atrolon:item/hats/bandage_2"
	},
	"elements": [
		{
			"from": [2, 0, 2.5],
			"to": [14, 3.5, 3],
			"rotation": {"angle": 0, "axis": "y", "origin": [2, 0, 2]},
			"faces": {
				"north": {"uv": [0, 0, 6, 1.75], "texture": "#3"},
				"east": {"uv": [2, 9, 2.25, 10.75], "texture": "#3"},
				"south": {"uv": [0, 2, 6, 3.75], "texture": "#3"},
				"west": {"uv": [2.5, 9, 2.75, 10.75], "texture": "#3"},
				"up": {"uv": [6, 8.25, 0, 8], "texture": "#3"},
				"down": {"uv": [12, 8, 6, 8.25], "texture": "#3"}
			}
		},
		{
			"from": [2, 0, 3],
			"to": [2.5, 3.5, 13],
			"rotation": {"angle": 0, "axis": "y", "origin": [2, 0, 14]},
			"faces": {
				"north": {"uv": [3, 9, 3.25, 10.75], "texture": "#3"},
				"east": {"uv": [6, 0, 11, 1.75], "texture": "#3"},
				"south": {"uv": [3.5, 9, 3.75, 10.75], "texture": "#3"},
				"west": {"uv": [6, 2, 11, 3.75], "texture": "#3"},
				"up": {"uv": [0.25, 14, 0, 9], "texture": "#3"},
				"down": {"uv": [0.75, 9, 0.5, 14], "texture": "#3"}
			}
		},
		{
			"from": [13.5, 0, 3],
			"to": [14, 3.5, 13],
			"rotation": {"angle": 0, "axis": "y", "origin": [13, 0, 14]},
			"faces": {
				"north": {"uv": [4, 9, 4.25, 10.75], "texture": "#3"},
				"east": {"uv": [6, 4, 11, 5.75], "texture": "#3"},
				"south": {"uv": [4.5, 9, 4.75, 10.75], "texture": "#3"},
				"west": {"uv": [6, 6, 11, 7.75], "texture": "#3"},
				"up": {"uv": [1.25, 14, 1, 9], "texture": "#3"},
				"down": {"uv": [1.75, 9, 1.5, 14], "texture": "#3"}
			}
		},
		{
			"from": [2, 0, 13],
			"to": [14, 3.5, 13.5],
			"rotation": {"angle": 0, "axis": "y", "origin": [2, 0, 13]},
			"faces": {
				"north": {"uv": [0, 4, 6, 5.75], "texture": "#3"},
				"east": {"uv": [5, 9, 5.25, 10.75], "texture": "#3"},
				"south": {"uv": [0, 6, 6, 7.75], "texture": "#3"},
				"west": {"uv": [5.5, 9, 5.75, 10.75], "texture": "#3"},
				"up": {"uv": [6, 8.75, 0, 8.5], "texture": "#3"},
				"down": {"uv": [12, 8.5, 6, 8.75], "texture": "#3"}
			}
		}
	],
	"display": {
		"thirdperson_righthand": {
			"translation": [0, 0, 2.25],
			"scale": [0.5, 0.5, 0.5]
		},
		"thirdperson_lefthand": {
			"translation": [0, 0, 2.25],
			"scale": [0.5, 0.5, 0.5]
		},
		"ground": {
			"translation": [0, 5.25, 0]
		},
		"gui": {
			"rotation": [30, 30, 0],
			"translation": [0, 5, 0],
			"scale": [0.9, 0.9, 0.9]
		},
		"head": {
			"translation": [0, 7.75, 0],
			"scale": [1.2, 1.25, 1.25]
		},
		"fixed": {
			"rotation": [90, 0, 0],
			"translation": [0, 0, 6]
		}
	},
	"groups": [
		{
			"name": "group",
			"origin": [0, 0, 0],
			"color": 0,
			"children": [0, 1, 2, 3]
		}
	]
}