{
	"format_version": "1.9.0",
	"credit": "Made with Blockbench",
	"ambientocclusion": false,
	"textures": {
		"2": "atrolon:item/hats/big_eyes"
	},
	"elements": [
		{
			"from": [3, 0, 0],
			"to": [6, 3, 3],
			"rotation": {"angle": 0, "axis": "y", "origin": [3, 0, 0]},
			"faces": {
				"north": {"uv": [0, 0, 3, 3], "texture": "#2"},
				"east": {"uv": [0, 3, 3, 6], "texture": "#2"},
				"south": {"uv": [3, 0, 6, 3], "texture": "#2"},
				"west": {"uv": [3, 3, 6, 6], "texture": "#2"},
				"up": {"uv": [3, 9, 0, 6], "texture": "#2"},
				"down": {"uv": [9, 0, 6, 3], "texture": "#2"}
			}
		},
		{
			"from": [9, 0, 0],
			"to": [12, 3, 3],
			"rotation": {"angle": 0, "axis": "y", "origin": [10, 0, 0]},
			"faces": {
				"north": {"uv": [3, 6, 6, 9], "texture": "#2"},
				"east": {"uv": [6, 3, 9, 6], "texture": "#2"},
				"south": {"uv": [6, 6, 9, 9], "texture": "#2"},
				"west": {"uv": [0, 9, 3, 12], "texture": "#2"},
				"up": {"uv": [12, 3, 9, 0], "texture": "#2"},
				"down": {"uv": [6, 9, 3, 12], "texture": "#2"}
			}
		}
	],
	"display": {
		"thirdperson_righthand": {
			"translation": [0.25, 2.5, 4],
			"scale": [0.7, 0.7, 0.7]
		},
		"thirdperson_lefthand": {
			"translation": [-0.25, 2.5, 4],
			"scale": [0.7, 0.7, 0.7]
		},
		"firstperson_righthand": {
			"translation": [0, -80, 0]
		},
		"firstperson_lefthand": {
			"translation": [0, -80, 0]
		},
		"ground": {
			"translation": [0, 4.75, 0]
		},
		"gui": {
			"rotation": [0, -180, 0],
			"translation": [-0.75, 9, 0],
			"scale": [1.49, 1.49, 1.49]
		},
		"head": {
			"translation": [0.5, 8, 0.25],
			"scale": [1.2, 1.2, 1.2]
		},
		"fixed": {
			"translation": [1, 13, 11],
			"scale": [1.94, 1.94, 1.94]
		}
	}
}