{
	"format_version": "1.9.0",
	"credit": "Made with Blockbench",
	"texture_size": [32, 32],
	"textures": {
		"0": "atrolon:item/hats/birthday_hat"
	},
	"elements": [
		{
			"from": [3, 0, 3],
			"to": [13, 2.5, 13],
			"rotation": {"angle": 0, "axis": "x", "origin": [7, 0, 7]},
			"faces": {
				"north": {"uv": [9, 0, 14, 1.5], "texture": "#0"},
				"east": {"uv": [9, 1.5, 14, 3], "texture": "#0"},
				"south": {"uv": [9, 3, 14, 4.5], "texture": "#0"},
				"west": {"uv": [9, 4.5, 14, 6], "texture": "#0"},
				"up": {"uv": [5, 5, 0, 0], "texture": "#0"},
				"down": {"uv": [5, 5, 0, 10], "texture": "#0"}
			}
		},
		{
			"from": [4, 2.5, 4],
			"to": [12, 5.5, 12],
			"rotation": {"angle": 0, "axis": "x", "origin": [7, 2.5, 7]},
			"faces": {
				"north": {"uv": [9, 6, 13, 7.5], "texture": "#0"},
				"east": {"uv": [0, 10, 4, 11.5], "texture": "#0"},
				"south": {"uv": [4, 11, 8, 12.5], "texture": "#0"},
				"west": {"uv": [11, 7.5, 15, 9], "texture": "#0"},
				"up": {"uv": [9, 4, 5, 0], "texture": "#0"},
				"down": {"uv": [9, 4, 5, 8], "texture": "#0"}
			}
		},
		{
			"from": [5, 5.5, 5],
			"to": [11, 8.5, 11],
			"rotation": {"angle": 0, "axis": "x", "origin": [7, 5.5, 7]},
			"faces": {
				"north": {"uv": [8, 11, 11, 12.5], "texture": "#0"},
				"east": {"uv": [11, 9, 14, 10.5], "texture": "#0"},
				"south": {"uv": [11, 10.5, 14, 12], "texture": "#0"},
				"west": {"uv": [0, 11.5, 3, 13], "texture": "#0"},
				"up": {"uv": [8, 11, 5, 8], "texture": "#0"},
				"down": {"uv": [11, 8, 8, 11], "texture": "#0"}
			}
		},
		{
			"from": [6, 8.5, 6],
			"to": [10, 11.5, 10],
			"rotation": {"angle": 0, "axis": "x", "origin": [7, 8.5, 7]},
			"faces": {
				"north": {"uv": [9, 12.5, 11, 14], "texture": "#0"},
				"east": {"uv": [0, 13, 2, 14.5], "texture": "#0"},
				"south": {"uv": [13, 6, 15, 7.5], "texture": "#0"},
				"west": {"uv": [13, 12, 15, 13.5], "texture": "#0"},
				"up": {"uv": [13, 14, 11, 12], "texture": "#0"},
				"down": {"uv": [5, 12.5, 3, 14.5], "texture": "#0"}
			}
		},
		{
			"from": [7, 11.5, 7],
			"to": [9, 13.2, 9],
			"rotation": {"angle": 0, "axis": "x", "origin": [7, 11.5, 7]},
			"faces": {
				"north": {"uv": [4, 10, 5, 11], "texture": "#0"},
				"east": {"uv": [3, 11.5, 4, 12.5], "texture": "#0"},
				"south": {"uv": [2, 13, 3, 14], "texture": "#0"},
				"west": {"uv": [14, 0, 15, 1], "texture": "#0"},
				"up": {"uv": [15, 2, 14, 1], "texture": "#0"},
				"down": {"uv": [3, 14, 2, 15], "texture": "#0"}
			}
		},
		{
			"from": [6, 13.2, 7.9],
			"to": [10, 15.9, 8],
			"rotation": {"angle": 0, "axis": "x", "origin": [7, 13.2, 6.9]},
			"faces": {
				"north": {"uv": [5, 12.5, 7, 14], "texture": "#0"},
				"east": {"uv": [14, 2, 14.5, 3.5], "texture": "#0"},
				"south": {"uv": [7, 12.5, 9, 14], "texture": "#0"},
				"west": {"uv": [14, 3.5, 14.5, 5], "texture": "#0"},
				"up": {"uv": [11, 8, 9, 7.5], "texture": "#0"},
				"down": {"uv": [15, 13.5, 13, 14], "texture": "#0"}
			}
		}
	],
	"display": {
		"thirdperson_righthand": {
			"translation": [0, 3.5, 0],
			"scale": [0.5, 0.5, 0.5]
		},
		"thirdperson_lefthand": {
			"translation": [0, 3.5, 0],
			"scale": [0.5, 0.5, 0.5]
		},
		"firstperson_righthand": {
			"translation": [0, 3.75, 0],
			"scale": [0.5, 0.5, 0.5]
		},
		"firstperson_lefthand": {
			"translation": [0, 3.75, 0],
			"scale": [0.5, 0.5, 0.5]
		},
		"ground": {
			"translation": [0, 1.75, 0],
			"scale": [0.5, 0.5, 0.5]
		},
		"gui": {
			"rotation": [30, 45, 0],
			"translation": [0, 1.25, 0],
			"scale": [0.8, 0.8, 0.8]
		},
		"head": {
			"rotation": [9, 0, 9],
			"translation": [-3.5, 13.75, 3.5],
			"scale": [1.1, 1.1, 1.1]
		}
	}
}