{
	"format_version": "1.21.6",
	"credit": "Made with Blockbench",
	"texture_size": [32, 32],
	"textures": {
		"1": "atrolon:item/hats/crown_2"
	},
	"elements": [
		{
			"from": [0, 0, 0],
			"to": [1, 3, 15],
			"rotation": {"angle": 0, "axis": "y", "origin": [7, 0, 7]},
			"faces": {
				"north": {"uv": [7.5, 3.5, 8, 5], "texture": "#1"},
				"east": {"uv": [0, 0, 7.5, 1.5], "texture": "#1"},
				"south": {"uv": [8, 3.5, 8.5, 5], "texture": "#1"},
				"west": {"uv": [0, 1.5, 7.5, 3], "texture": "#1"},
				"up": {"uv": [7, 15, 6.5, 7.5], "texture": "#1"},
				"down": {"uv": [7.5, 7.5, 7, 15], "texture": "#1"}
			}
		},
		{
			"from": [14, 0, 0],
			"to": [15, 3, 15],
			"rotation": {"angle": 0, "axis": "y", "origin": [6, 0, 6]},
			"faces": {
				"north": {"uv": [8.5, 3.5, 9, 5], "texture": "#1"},
				"east": {"uv": [0, 3, 7.5, 4.5], "texture": "#1"},
				"south": {"uv": [8.5, 7.5, 9, 9], "texture": "#1"},
				"west": {"uv": [0, 4.5, 7.5, 6], "texture": "#1"},
				"up": {"uv": [8, 15, 7.5, 7.5], "texture": "#1"},
				"down": {"uv": [8.5, 7.5, 8, 15], "texture": "#1"}
			}
		},
		{
			"from": [1, 0, 14],
			"to": [14, 3, 15],
			"rotation": {"angle": 0, "axis": "y", "origin": [7, 0, 6]},
			"faces": {
				"north": {"uv": [0, 6, 6.5, 7.5], "texture": "#1"},
				"east": {"uv": [0, 9, 0.5, 10.5], "texture": "#1"},
				"south": {"uv": [6.5, 6, 13, 7.5], "texture": "#1"},
				"west": {"uv": [0.5, 9, 1, 10.5], "texture": "#1"},
				"up": {"uv": [14, 2, 7.5, 1.5], "texture": "#1"},
				"down": {"uv": [14, 2, 7.5, 2.5], "texture": "#1"}
			}
		},
		{
			"from": [1, 0, 0],
			"to": [14, 3, 1],
			"rotation": {"angle": 0, "axis": "y", "origin": [7, 0, 7]},
			"faces": {
				"north": {"uv": [0, 7.5, 6.5, 9], "texture": "#1"},
				"east": {"uv": [1, 9, 1.5, 10.5], "texture": "#1"},
				"south": {"uv": [7.5, 0, 14, 1.5], "texture": "#1"},
				"west": {"uv": [1.5, 9, 2, 10.5], "texture": "#1"},
				"up": {"uv": [14, 3, 7.5, 2.5], "texture": "#1"},
				"down": {"uv": [14, 3, 7.5, 3.5], "texture": "#1"}
			}
		},
		{
			"from": [0.5, 3, 14],
			"to": [1, 4, 14.5],
			"rotation": {"angle": 0, "axis": "y", "origin": [0.75, 4.5, 14.25]},
			"faces": {
				"north": {"uv": [2, 9, 2.5, 9.5], "texture": "#1"},
				"east": {"uv": [2.5, 9, 3, 9.5], "texture": "#1"},
				"south": {"uv": [3, 9, 3.5, 9.5], "texture": "#1"},
				"west": {"uv": [3.5, 9, 4, 9.5], "texture": "#1"},
				"up": {"uv": [9.5, 4, 9, 3.5], "texture": "#1"},
				"down": {"uv": [4.5, 9, 4, 9.5], "texture": "#1"}
			}
		},
		{
			"from": [0, 3, 14],
			"to": [0.5, 4, 15],
			"rotation": {"angle": 0, "axis": "y", "origin": [0.75, 4.5, 14.25]},
			"faces": {
				"north": {"uv": [9, 4, 9.5, 4.5], "texture": "#1"},
				"east": {"uv": [4.5, 9, 5, 9.5], "texture": "#1"},
				"south": {"uv": [9, 4.5, 9.5, 5], "texture": "#1"},
				"west": {"uv": [5, 9, 5.5, 9.5], "texture": "#1"},
				"up": {"uv": [9.5, 5.5, 9, 5], "texture": "#1"},
				"down": {"uv": [6, 9, 5.5, 9.5], "texture": "#1"}
			}
		},
		{
			"from": [0.5, 3, 14.5],
			"to": [1, 4, 15],
			"rotation": {"angle": 0, "axis": "y", "origin": [0.75, 4.5, 14.25]},
			"faces": {
				"north": {"uv": [9, 5.5, 9.5, 6], "texture": "#1"},
				"east": {"uv": [6, 9, 6.5, 9.5], "texture": "#1"},
				"south": {"uv": [9, 7.5, 9.5, 8], "texture": "#1"},
				"west": {"uv": [9, 8, 9.5, 8.5], "texture": "#1"},
				"up": {"uv": [9, 9.5, 8.5, 9], "texture": "#1"},
				"down": {"uv": [9.5, 8.5, 9, 9], "texture": "#1"}
			}
		},
		{
			"from": [0, 3, 13.5],
			"to": [0.5, 4, 14],
			"rotation": {"angle": 0, "axis": "y", "origin": [0.75, 4.5, 14.25]},
			"faces": {
				"north": {"uv": [9, 9, 9.5, 9.5], "texture": "#1"},
				"east": {"uv": [2, 9.5, 2.5, 10], "texture": "#1"},
				"south": {"uv": [2.5, 9.5, 3, 10], "texture": "#1"},
				"west": {"uv": [3, 9.5, 3.5, 10], "texture": "#1"},
				"up": {"uv": [4, 10, 3.5, 9.5], "texture": "#1"},
				"down": {"uv": [10, 3.5, 9.5, 4], "texture": "#1"}
			}
		},
		{
			"from": [0, 5, 14.5],
			"to": [0.5, 6, 15],
			"rotation": {"angle": 0, "axis": "y", "origin": [0.75, 4.5, 14.25]},
			"faces": {
				"north": {"uv": [4, 9.5, 4.5, 10], "texture": "#1"},
				"east": {"uv": [9.5, 4, 10, 4.5], "texture": "#1"},
				"south": {"uv": [4.5, 9.5, 5, 10], "texture": "#1"},
				"west": {"uv": [9.5, 4.5, 10, 5], "texture": "#1"},
				"up": {"uv": [5.5, 10, 5, 9.5], "texture": "#1"},
				"down": {"uv": [10, 5, 9.5, 5.5], "texture": "#1"}
			}
		},
		{
			"from": [0, 4, 14],
			"to": [0.5, 5, 15],
			"rotation": {"angle": 0, "axis": "y", "origin": [0.75, 4.5, 14.25]},
			"faces": {
				"north": {"uv": [5.5, 9.5, 6, 10], "texture": "#1"},
				"east": {"uv": [9.5, 5.5, 10, 6], "texture": "#1"},
				"south": {"uv": [6, 9.5, 6.5, 10], "texture": "#1"},
				"west": {"uv": [9.5, 7.5, 10, 8], "texture": "#1"},
				"up": {"uv": [10, 8.5, 9.5, 8], "texture": "#1"},
				"down": {"uv": [9, 9.5, 8.5, 10], "texture": "#1"}
			}
		},
		{
			"from": [1, 3, 14.5],
			"to": [1.5, 4, 15],
			"rotation": {"angle": 0, "axis": "y", "origin": [0.75, 4.5, 14.25]},
			"faces": {
				"north": {"uv": [9.5, 8.5, 10, 9], "texture": "#1"},
				"east": {"uv": [9, 9.5, 9.5, 10], "texture": "#1"},
				"south": {"uv": [9.5, 9, 10, 9.5], "texture": "#1"},
				"west": {"uv": [9.5, 9.5, 10, 10], "texture": "#1"},
				"up": {"uv": [2.5, 10.5, 2, 10], "texture": "#1"},
				"down": {"uv": [3, 10, 2.5, 10.5], "texture": "#1"}
			}
		},
		{
			"from": [0.5, 4, 14.5],
			"to": [1, 5, 15],
			"rotation": {"angle": 0, "axis": "y", "origin": [0.75, 4.5, 14.25]},
			"faces": {
				"north": {"uv": [3, 10, 3.5, 10.5], "texture": "#1"},
				"east": {"uv": [3.5, 10, 4, 10.5], "texture": "#1"},
				"south": {"uv": [10, 3.5, 10.5, 4], "texture": "#1"},
				"west": {"uv": [4, 10, 4.5, 10.5], "texture": "#1"},
				"up": {"uv": [10.5, 4.5, 10, 4], "texture": "#1"},
				"down": {"uv": [5, 10, 4.5, 10.5], "texture": "#1"}
			}
		},
		{
			"from": [0.5, 3, 0.5],
			"to": [1, 4, 1],
			"rotation": {"angle": 0, "axis": "y", "origin": [0, 3, 0]},
			"faces": {
				"north": {"uv": [10, 4.5, 10.5, 5], "texture": "#1"},
				"east": {"uv": [5, 10, 5.5, 10.5], "texture": "#1"},
				"south": {"uv": [10, 5, 10.5, 5.5], "texture": "#1"},
				"west": {"uv": [5.5, 10, 6, 10.5], "texture": "#1"},
				"up": {"uv": [10.5, 6, 10, 5.5], "texture": "#1"},
				"down": {"uv": [6.5, 10, 6, 10.5], "texture": "#1"}
			}
		},
		{
			"from": [0, 3, 0],
			"to": [1, 4, 0.5],
			"rotation": {"angle": 0, "axis": "y", "origin": [0, 3, 0]},
			"faces": {
				"north": {"uv": [10, 7.5, 10.5, 8], "texture": "#1"},
				"east": {"uv": [10, 8, 10.5, 8.5], "texture": "#1"},
				"south": {"uv": [8.5, 10, 9, 10.5], "texture": "#1"},
				"west": {"uv": [10, 8.5, 10.5, 9], "texture": "#1"},
				"up": {"uv": [9.5, 10.5, 9, 10], "texture": "#1"},
				"down": {"uv": [10.5, 9, 10, 9.5], "texture": "#1"}
			}
		},
		{
			"from": [0, 3, 0.5],
			"to": [0.5, 4, 1],
			"rotation": {"angle": 0, "axis": "y", "origin": [0, 3, 0]},
			"faces": {
				"north": {"uv": [9.5, 10, 10, 10.5], "texture": "#1"},
				"east": {"uv": [10, 9.5, 10.5, 10], "texture": "#1"},
				"south": {"uv": [10, 10, 10.5, 10.5], "texture": "#1"},
				"west": {"uv": [0, 10.5, 0.5, 11], "texture": "#1"},
				"up": {"uv": [1, 11, 0.5, 10.5], "texture": "#1"},
				"down": {"uv": [1.5, 10.5, 1, 11], "texture": "#1"}
			}
		},
		{
			"from": [1, 3, 0],
			"to": [1.5, 4, 0.5],
			"rotation": {"angle": 0, "axis": "y", "origin": [0.5, 3, -0.5]},
			"faces": {
				"north": {"uv": [1.5, 10.5, 2, 11], "texture": "#1"},
				"east": {"uv": [2, 10.5, 2.5, 11], "texture": "#1"},
				"south": {"uv": [2.5, 10.5, 3, 11], "texture": "#1"},
				"west": {"uv": [3, 10.5, 3.5, 11], "texture": "#1"},
				"up": {"uv": [4, 11, 3.5, 10.5], "texture": "#1"},
				"down": {"uv": [11, 3.5, 10.5, 4], "texture": "#1"}
			}
		},
		{
			"from": [0, 5, 0],
			"to": [0.5, 6, 0.5],
			"rotation": {"angle": 0, "axis": "y", "origin": [-0.5, 5, -0.5]},
			"faces": {
				"north": {"uv": [4, 10.5, 4.5, 11], "texture": "#1"},
				"east": {"uv": [10.5, 4, 11, 4.5], "texture": "#1"},
				"south": {"uv": [4.5, 10.5, 5, 11], "texture": "#1"},
				"west": {"uv": [10.5, 4.5, 11, 5], "texture": "#1"},
				"up": {"uv": [5.5, 11, 5, 10.5], "texture": "#1"},
				"down": {"uv": [11, 5, 10.5, 5.5], "texture": "#1"}
			}
		},
		{
			"from": [0, 4, 0],
			"to": [1, 5, 0.5],
			"rotation": {"angle": 0, "axis": "y", "origin": [0, 4, 0]},
			"faces": {
				"north": {"uv": [5.5, 10.5, 6, 11], "texture": "#1"},
				"east": {"uv": [10.5, 5.5, 11, 6], "texture": "#1"},
				"south": {"uv": [6, 10.5, 6.5, 11], "texture": "#1"},
				"west": {"uv": [10.5, 7.5, 11, 8], "texture": "#1"},
				"up": {"uv": [11, 8.5, 10.5, 8], "texture": "#1"},
				"down": {"uv": [9, 10.5, 8.5, 11], "texture": "#1"}
			}
		},
		{
			"from": [0, 3, 1],
			"to": [0.5, 4, 1.5],
			"rotation": {"angle": 0, "axis": "y", "origin": [0, 3, 0.5]},
			"faces": {
				"north": {"uv": [10.5, 8.5, 11, 9], "texture": "#1"},
				"east": {"uv": [9, 10.5, 9.5, 11], "texture": "#1"},
				"south": {"uv": [10.5, 9, 11, 9.5], "texture": "#1"},
				"west": {"uv": [9.5, 10.5, 10, 11], "texture": "#1"},
				"up": {"uv": [11, 10, 10.5, 9.5], "texture": "#1"},
				"down": {"uv": [10.5, 10.5, 10, 11], "texture": "#1"}
			}
		},
		{
			"from": [0, 4, 0.5],
			"to": [0.5, 5, 1],
			"rotation": {"angle": 0, "axis": "y", "origin": [-0.5, 4, 0]},
			"faces": {
				"north": {"uv": [10.5, 10, 11, 10.5], "texture": "#1"},
				"east": {"uv": [10.5, 10.5, 11, 11], "texture": "#1"},
				"south": {"uv": [0, 11, 0.5, 11.5], "texture": "#1"},
				"west": {"uv": [0.5, 11, 1, 11.5], "texture": "#1"},
				"up": {"uv": [1.5, 11.5, 1, 11], "texture": "#1"},
				"down": {"uv": [2, 11, 1.5, 11.5], "texture": "#1"}
			}
		},
		{
			"from": [14, 3, 14],
			"to": [14.5, 4, 14.5],
			"rotation": {"angle": 0, "axis": "y", "origin": [14.25, 4.5, 14.25]},
			"faces": {
				"north": {"uv": [2, 11, 2.5, 11.5], "texture": "#1"},
				"east": {"uv": [2.5, 11, 3, 11.5], "texture": "#1"},
				"south": {"uv": [3, 11, 3.5, 11.5], "texture": "#1"},
				"west": {"uv": [3.5, 11, 4, 11.5], "texture": "#1"},
				"up": {"uv": [11.5, 4, 11, 3.5], "texture": "#1"},
				"down": {"uv": [4.5, 11, 4, 11.5], "texture": "#1"}
			}
		},
		{
			"from": [14, 3, 14.5],
			"to": [15, 4, 15],
			"rotation": {"angle": 0, "axis": "y", "origin": [14.25, 4.5, 14.25]},
			"faces": {
				"north": {"uv": [11, 4, 11.5, 4.5], "texture": "#1"},
				"east": {"uv": [4.5, 11, 5, 11.5], "texture": "#1"},
				"south": {"uv": [11, 4.5, 11.5, 5], "texture": "#1"},
				"west": {"uv": [5, 11, 5.5, 11.5], "texture": "#1"},
				"up": {"uv": [11.5, 5.5, 11, 5], "texture": "#1"},
				"down": {"uv": [6, 11, 5.5, 11.5], "texture": "#1"}
			}
		},
		{
			"from": [14.5, 3, 14],
			"to": [15, 4, 14.5],
			"rotation": {"angle": 0, "axis": "y", "origin": [14.25, 4.5, 14.25]},
			"faces": {
				"north": {"uv": [11, 5.5, 11.5, 6], "texture": "#1"},
				"east": {"uv": [6, 11, 6.5, 11.5], "texture": "#1"},
				"south": {"uv": [11, 7.5, 11.5, 8], "texture": "#1"},
				"west": {"uv": [11, 8, 11.5, 8.5], "texture": "#1"},
				"up": {"uv": [9, 11.5, 8.5, 11], "texture": "#1"},
				"down": {"uv": [11.5, 8.5, 11, 9], "texture": "#1"}
			}
		},
		{
			"from": [13.5, 3, 14.5],
			"to": [14, 4, 15],
			"rotation": {"angle": 0, "axis": "y", "origin": [14.25, 4.5, 14.25]},
			"faces": {
				"north": {"uv": [9, 11, 9.5, 11.5], "texture": "#1"},
				"east": {"uv": [11, 9, 11.5, 9.5], "texture": "#1"},
				"south": {"uv": [9.5, 11, 10, 11.5], "texture": "#1"},
				"west": {"uv": [11, 9.5, 11.5, 10], "texture": "#1"},
				"up": {"uv": [10.5, 11.5, 10, 11], "texture": "#1"},
				"down": {"uv": [11.5, 10, 11, 10.5], "texture": "#1"}
			}
		},
		{
			"from": [14.5, 5, 14.5],
			"to": [15, 6, 15],
			"rotation": {"angle": 0, "axis": "y", "origin": [14.25, 4.5, 14.25]},
			"faces": {
				"north": {"uv": [10.5, 11, 11, 11.5], "texture": "#1"},
				"east": {"uv": [11, 10.5, 11.5, 11], "texture": "#1"},
				"south": {"uv": [11, 11, 11.5, 11.5], "texture": "#1"},
				"west": {"uv": [0, 11.5, 0.5, 12], "texture": "#1"},
				"up": {"uv": [1, 12, 0.5, 11.5], "texture": "#1"},
				"down": {"uv": [1.5, 11.5, 1, 12], "texture": "#1"}
			}
		},
		{
			"from": [14, 4, 14.5],
			"to": [15, 5, 15],
			"rotation": {"angle": 0, "axis": "y", "origin": [14.25, 4.5, 14.25]},
			"faces": {
				"north": {"uv": [1.5, 11.5, 2, 12], "texture": "#1"},
				"east": {"uv": [2, 11.5, 2.5, 12], "texture": "#1"},
				"south": {"uv": [2.5, 11.5, 3, 12], "texture": "#1"},
				"west": {"uv": [3, 11.5, 3.5, 12], "texture": "#1"},
				"up": {"uv": [4, 12, 3.5, 11.5], "texture": "#1"},
				"down": {"uv": [12, 3.5, 11.5, 4], "texture": "#1"}
			}
		},
		{
			"from": [14.5, 3, 13.5],
			"to": [15, 4, 14],
			"rotation": {"angle": 0, "axis": "y", "origin": [14.25, 4.5, 14.25]},
			"faces": {
				"north": {"uv": [4, 11.5, 4.5, 12], "texture": "#1"},
				"east": {"uv": [11.5, 4, 12, 4.5], "texture": "#1"},
				"south": {"uv": [4.5, 11.5, 5, 12], "texture": "#1"},
				"west": {"uv": [11.5, 4.5, 12, 5], "texture": "#1"},
				"up": {"uv": [5.5, 12, 5, 11.5], "texture": "#1"},
				"down": {"uv": [12, 5, 11.5, 5.5], "texture": "#1"}
			}
		},
		{
			"from": [14.5, 4, 14],
			"to": [15, 5, 14.5],
			"rotation": {"angle": 0, "axis": "y", "origin": [14.25, 4.5, 14.25]},
			"faces": {
				"north": {"uv": [5.5, 11.5, 6, 12], "texture": "#1"},
				"east": {"uv": [11.5, 5.5, 12, 6], "texture": "#1"},
				"south": {"uv": [6, 11.5, 6.5, 12], "texture": "#1"},
				"west": {"uv": [11.5, 7.5, 12, 8], "texture": "#1"},
				"up": {"uv": [12, 8.5, 11.5, 8], "texture": "#1"},
				"down": {"uv": [9, 11.5, 8.5, 12], "texture": "#1"}
			}
		},
		{
			"from": [14, 3, 0.5],
			"to": [14.5, 4, 1],
			"rotation": {"angle": 0, "axis": "y", "origin": [14.25, 4.5, 0.75]},
			"faces": {
				"north": {"uv": [11.5, 8.5, 12, 9], "texture": "#1"},
				"east": {"uv": [9, 11.5, 9.5, 12], "texture": "#1"},
				"south": {"uv": [11.5, 9, 12, 9.5], "texture": "#1"},
				"west": {"uv": [9.5, 11.5, 10, 12], "texture": "#1"},
				"up": {"uv": [12, 10, 11.5, 9.5], "texture": "#1"},
				"down": {"uv": [10.5, 11.5, 10, 12], "texture": "#1"}
			}
		},
		{
			"from": [14.5, 3, 0],
			"to": [15, 4, 1],
			"rotation": {"angle": 0, "axis": "y", "origin": [14.25, 4.5, 0.75]},
			"faces": {
				"north": {"uv": [11.5, 10, 12, 10.5], "texture": "#1"},
				"east": {"uv": [10.5, 11.5, 11, 12], "texture": "#1"},
				"south": {"uv": [11.5, 10.5, 12, 11], "texture": "#1"},
				"west": {"uv": [11, 11.5, 11.5, 12], "texture": "#1"},
				"up": {"uv": [12, 11.5, 11.5, 11], "texture": "#1"},
				"down": {"uv": [12, 11.5, 11.5, 12], "texture": "#1"}
			}
		},
		{
			"from": [14, 3, 0],
			"to": [14.5, 4, 0.5],
			"rotation": {"angle": 0, "axis": "y", "origin": [14.25, 4.5, 0.75]},
			"faces": {
				"north": {"uv": [0, 12, 0.5, 12.5], "texture": "#1"},
				"east": {"uv": [0.5, 12, 1, 12.5], "texture": "#1"},
				"south": {"uv": [1, 12, 1.5, 12.5], "texture": "#1"},
				"west": {"uv": [1.5, 12, 2, 12.5], "texture": "#1"},
				"up": {"uv": [2.5, 12.5, 2, 12], "texture": "#1"},
				"down": {"uv": [3, 12, 2.5, 12.5], "texture": "#1"}
			}
		},
		{
			"from": [14.5, 3, 1],
			"to": [15, 4, 1.5],
			"rotation": {"angle": 0, "axis": "y", "origin": [14.25, 4.5, 0.75]},
			"faces": {
				"north": {"uv": [3, 12, 3.5, 12.5], "texture": "#1"},
				"east": {"uv": [3.5, 12, 4, 12.5], "texture": "#1"},
				"south": {"uv": [12, 3.5, 12.5, 4], "texture": "#1"},
				"west": {"uv": [4, 12, 4.5, 12.5], "texture": "#1"},
				"up": {"uv": [12.5, 4.5, 12, 4], "texture": "#1"},
				"down": {"uv": [5, 12, 4.5, 12.5], "texture": "#1"}
			}
		},
		{
			"from": [14.5, 5, 0],
			"to": [15, 6, 0.5],
			"rotation": {"angle": 0, "axis": "y", "origin": [14.25, 4.5, 0.75]},
			"faces": {
				"north": {"uv": [12, 4.5, 12.5, 5], "texture": "#1"},
				"east": {"uv": [5, 12, 5.5, 12.5], "texture": "#1"},
				"south": {"uv": [12, 5, 12.5, 5.5], "texture": "#1"},
				"west": {"uv": [5.5, 12, 6, 12.5], "texture": "#1"},
				"up": {"uv": [12.5, 6, 12, 5.5], "texture": "#1"},
				"down": {"uv": [6.5, 12, 6, 12.5], "texture": "#1"}
			}
		},
		{
			"from": [14.5, 4, 0],
			"to": [15, 5, 1],
			"rotation": {"angle": 0, "axis": "y", "origin": [14.25, 4.5, 0.75]},
			"faces": {
				"north": {"uv": [12, 7.5, 12.5, 8], "texture": "#1"},
				"east": {"uv": [12, 8, 12.5, 8.5], "texture": "#1"},
				"south": {"uv": [8.5, 12, 9, 12.5], "texture": "#1"},
				"west": {"uv": [12, 8.5, 12.5, 9], "texture": "#1"},
				"up": {"uv": [9.5, 12.5, 9, 12], "texture": "#1"},
				"down": {"uv": [12.5, 9, 12, 9.5], "texture": "#1"}
			}
		},
		{
			"from": [13.5, 3, 0],
			"to": [14, 4, 0.5],
			"rotation": {"angle": 0, "axis": "y", "origin": [14.25, 4.5, 0.75]},
			"faces": {
				"north": {"uv": [9.5, 12, 10, 12.5], "texture": "#1"},
				"east": {"uv": [12, 9.5, 12.5, 10], "texture": "#1"},
				"south": {"uv": [10, 12, 10.5, 12.5], "texture": "#1"},
				"west": {"uv": [12, 10, 12.5, 10.5], "texture": "#1"},
				"up": {"uv": [11, 12.5, 10.5, 12], "texture": "#1"},
				"down": {"uv": [12.5, 10.5, 12, 11], "texture": "#1"}
			}
		},
		{
			"from": [14, 4, 0],
			"to": [14.5, 5, 0.5],
			"rotation": {"angle": 0, "axis": "y", "origin": [14.25, 4.5, 0.75]},
			"faces": {
				"north": {"uv": [11, 12, 11.5, 12.5], "texture": "#1"},
				"east": {"uv": [12, 11, 12.5, 11.5], "texture": "#1"},
				"south": {"uv": [11.5, 12, 12, 12.5], "texture": "#1"},
				"west": {"uv": [12, 11.5, 12.5, 12], "texture": "#1"},
				"up": {"uv": [12.5, 12.5, 12, 12], "texture": "#1"},
				"down": {"uv": [0.5, 12.5, 0, 13], "texture": "#1"}
			}
		},
		{
			"from": [10.5, 3, 14],
			"to": [11, 4, 15],
			"rotation": {"angle": 0, "axis": "y", "origin": [7.5, 4, 14.5]},
			"faces": {
				"north": {"uv": [0.5, 12.5, 1, 13], "texture": "#1"},
				"east": {"uv": [1, 12.5, 1.5, 13], "texture": "#1"},
				"south": {"uv": [1.5, 12.5, 2, 13], "texture": "#1"},
				"west": {"uv": [2, 12.5, 2.5, 13], "texture": "#1"},
				"up": {"uv": [3, 13, 2.5, 12.5], "texture": "#1"},
				"down": {"uv": [3.5, 12.5, 3, 13], "texture": "#1"}
			}
		},
		{
			"from": [10.8, 4, 14],
			"to": [11.2, 5, 15],
			"rotation": {"angle": 0, "axis": "y", "origin": [7.5, 4, 14.5]},
			"faces": {
				"north": {"uv": [3.5, 12.5, 4, 13], "texture": "#1"},
				"east": {"uv": [12.5, 3.5, 13, 4], "texture": "#1"},
				"south": {"uv": [4, 12.5, 4.5, 13], "texture": "#1"},
				"west": {"uv": [12.5, 4, 13, 4.5], "texture": "#1"},
				"up": {"uv": [5, 13, 4.5, 12.5], "texture": "#1"},
				"down": {"uv": [13, 4.5, 12.5, 5], "texture": "#1"}
			}
		},
		{
			"from": [11, 3, 14],
			"to": [11.5, 4, 15],
			"rotation": {"angle": 0, "axis": "y", "origin": [7.5, 4, 14.5]},
			"faces": {
				"north": {"uv": [5, 12.5, 5.5, 13], "texture": "#1"},
				"east": {"uv": [12.5, 5, 13, 5.5], "texture": "#1"},
				"south": {"uv": [5.5, 12.5, 6, 13], "texture": "#1"},
				"west": {"uv": [12.5, 5.5, 13, 6], "texture": "#1"},
				"up": {"uv": [6.5, 13, 6, 12.5], "texture": "#1"},
				"down": {"uv": [13, 7.5, 12.5, 8], "texture": "#1"}
			}
		},
		{
			"from": [6.75, 3, 14],
			"to": [7.25, 4, 15],
			"rotation": {"angle": 0, "axis": "y", "origin": [7.5, 4, 14.5]},
			"faces": {
				"north": {"uv": [12.5, 8, 13, 8.5], "texture": "#1"},
				"east": {"uv": [8.5, 12.5, 9, 13], "texture": "#1"},
				"south": {"uv": [12.5, 8.5, 13, 9], "texture": "#1"},
				"west": {"uv": [9, 12.5, 9.5, 13], "texture": "#1"},
				"up": {"uv": [13, 9.5, 12.5, 9], "texture": "#1"},
				"down": {"uv": [10, 12.5, 9.5, 13], "texture": "#1"}
			}
		},
		{
			"from": [7.25, 3, 14],
			"to": [7.75, 4, 15],
			"rotation": {"angle": 0, "axis": "y", "origin": [7.5, 4, 14.5]},
			"faces": {
				"north": {"uv": [12.5, 9.5, 13, 10], "texture": "#1"},
				"east": {"uv": [10, 12.5, 10.5, 13], "texture": "#1"},
				"south": {"uv": [12.5, 10, 13, 10.5], "texture": "#1"},
				"west": {"uv": [10.5, 12.5, 11, 13], "texture": "#1"},
				"up": {"uv": [13, 11, 12.5, 10.5], "texture": "#1"},
				"down": {"uv": [11.5, 12.5, 11, 13], "texture": "#1"}
			}
		},
		{
			"from": [7.75, 3, 14],
			"to": [8.25, 4, 15],
			"rotation": {"angle": 0, "axis": "y", "origin": [7.5, 4, 14.5]},
			"faces": {
				"north": {"uv": [12.5, 11, 13, 11.5], "texture": "#1"},
				"east": {"uv": [11.5, 12.5, 12, 13], "texture": "#1"},
				"south": {"uv": [12.5, 11.5, 13, 12], "texture": "#1"},
				"west": {"uv": [12, 12.5, 12.5, 13], "texture": "#1"},
				"up": {"uv": [13, 12.5, 12.5, 12], "texture": "#1"},
				"down": {"uv": [13, 12.5, 12.5, 13], "texture": "#1"}
			}
		},
		{
			"from": [7.25, 4, 14],
			"to": [7.75, 5, 15],
			"rotation": {"angle": 0, "axis": "y", "origin": [7.5, 4, 14.5]},
			"faces": {
				"north": {"uv": [0, 13, 0.5, 13.5], "texture": "#1"},
				"east": {"uv": [0.5, 13, 1, 13.5], "texture": "#1"},
				"south": {"uv": [1, 13, 1.5, 13.5], "texture": "#1"},
				"west": {"uv": [1.5, 13, 2, 13.5], "texture": "#1"},
				"up": {"uv": [2.5, 13.5, 2, 13], "texture": "#1"},
				"down": {"uv": [3, 13, 2.5, 13.5], "texture": "#1"}
			}
		},
		{
			"from": [3.5, 3, 14],
			"to": [4, 4, 15],
			"rotation": {"angle": 0, "axis": "y", "origin": [7.5, 4, 14.5]},
			"faces": {
				"north": {"uv": [3, 13, 3.5, 13.5], "texture": "#1"},
				"east": {"uv": [3.5, 13, 4, 13.5], "texture": "#1"},
				"south": {"uv": [13, 3.5, 13.5, 4], "texture": "#1"},
				"west": {"uv": [4, 13, 4.5, 13.5], "texture": "#1"},
				"up": {"uv": [13.5, 4.5, 13, 4], "texture": "#1"},
				"down": {"uv": [5, 13, 4.5, 13.5], "texture": "#1"}
			}
		},
		{
			"from": [3.8, 4, 14],
			"to": [4.2, 5, 15],
			"rotation": {"angle": 0, "axis": "y", "origin": [7.5, 4, 14.5]},
			"faces": {
				"north": {"uv": [13, 4.5, 13.5, 5], "texture": "#1"},
				"east": {"uv": [5, 13, 5.5, 13.5], "texture": "#1"},
				"south": {"uv": [13, 5, 13.5, 5.5], "texture": "#1"},
				"west": {"uv": [5.5, 13, 6, 13.5], "texture": "#1"},
				"up": {"uv": [13.5, 6, 13, 5.5], "texture": "#1"},
				"down": {"uv": [6.5, 13, 6, 13.5], "texture": "#1"}
			}
		},
		{
			"from": [4, 3, 14],
			"to": [4.5, 4, 15],
			"rotation": {"angle": 0, "axis": "y", "origin": [7.5, 4, 14.5]},
			"faces": {
				"north": {"uv": [13, 6, 13.5, 6.5], "texture": "#1"},
				"east": {"uv": [13, 6.5, 13.5, 7], "texture": "#1"},
				"south": {"uv": [13, 7, 13.5, 7.5], "texture": "#1"},
				"west": {"uv": [13, 7.5, 13.5, 8], "texture": "#1"},
				"up": {"uv": [13.5, 8.5, 13, 8], "texture": "#1"},
				"down": {"uv": [9, 13, 8.5, 13.5], "texture": "#1"}
			}
		},
		{
			"from": [14, 3, 4],
			"to": [15, 4, 4.5],
			"rotation": {"angle": 0, "axis": "y", "origin": [14.5, 4, 7.5]},
			"faces": {
				"north": {"uv": [13, 8.5, 13.5, 9], "texture": "#1"},
				"east": {"uv": [9, 13, 9.5, 13.5], "texture": "#1"},
				"south": {"uv": [13, 9, 13.5, 9.5], "texture": "#1"},
				"west": {"uv": [9.5, 13, 10, 13.5], "texture": "#1"},
				"up": {"uv": [13.5, 10, 13, 9.5], "texture": "#1"},
				"down": {"uv": [10.5, 13, 10, 13.5], "texture": "#1"}
			}
		},
		{
			"from": [14, 4, 3.8],
			"to": [15, 5, 4.2],
			"rotation": {"angle": 0, "axis": "y", "origin": [14.5, 4, 7.5]},
			"faces": {
				"north": {"uv": [13, 10, 13.5, 10.5], "texture": "#1"},
				"east": {"uv": [10.5, 13, 11, 13.5], "texture": "#1"},
				"south": {"uv": [13, 10.5, 13.5, 11], "texture": "#1"},
				"west": {"uv": [11, 13, 11.5, 13.5], "texture": "#1"},
				"up": {"uv": [13.5, 11.5, 13, 11], "texture": "#1"},
				"down": {"uv": [12, 13, 11.5, 13.5], "texture": "#1"}
			}
		},
		{
			"from": [14, 3, 3.5],
			"to": [15, 4, 4],
			"rotation": {"angle": 0, "axis": "y", "origin": [14.5, 4, 7.5]},
			"faces": {
				"north": {"uv": [13, 11.5, 13.5, 12], "texture": "#1"},
				"east": {"uv": [12, 13, 12.5, 13.5], "texture": "#1"},
				"south": {"uv": [13, 12, 13.5, 12.5], "texture": "#1"},
				"west": {"uv": [12.5, 13, 13, 13.5], "texture": "#1"},
				"up": {"uv": [13.5, 13, 13, 12.5], "texture": "#1"},
				"down": {"uv": [13.5, 13, 13, 13.5], "texture": "#1"}
			}
		},
		{
			"from": [14, 3, 7.75],
			"to": [15, 4, 8.25],
			"rotation": {"angle": 0, "axis": "y", "origin": [14.5, 4, 7.5]},
			"faces": {
				"north": {"uv": [0, 13.5, 0.5, 14], "texture": "#1"},
				"east": {"uv": [0.5, 13.5, 1, 14], "texture": "#1"},
				"south": {"uv": [1, 13.5, 1.5, 14], "texture": "#1"},
				"west": {"uv": [1.5, 13.5, 2, 14], "texture": "#1"},
				"up": {"uv": [2.5, 14, 2, 13.5], "texture": "#1"},
				"down": {"uv": [3, 13.5, 2.5, 14], "texture": "#1"}
			}
		},
		{
			"from": [14, 3, 7.25],
			"to": [15, 4, 7.75],
			"rotation": {"angle": 0, "axis": "y", "origin": [14.5, 4, 7.5]},
			"faces": {
				"north": {"uv": [3, 13.5, 3.5, 14], "texture": "#1"},
				"east": {"uv": [3.5, 13.5, 4, 14], "texture": "#1"},
				"south": {"uv": [13.5, 3.5, 14, 4], "texture": "#1"},
				"west": {"uv": [4, 13.5, 4.5, 14], "texture": "#1"},
				"up": {"uv": [14, 4.5, 13.5, 4], "texture": "#1"},
				"down": {"uv": [5, 13.5, 4.5, 14], "texture": "#1"}
			}
		},
		{
			"from": [14, 3, 6.75],
			"to": [15, 4, 7.25],
			"rotation": {"angle": 0, "axis": "y", "origin": [14.5, 4, 7.5]},
			"faces": {
				"north": {"uv": [13.5, 4.5, 14, 5], "texture": "#1"},
				"east": {"uv": [5, 13.5, 5.5, 14], "texture": "#1"},
				"south": {"uv": [13.5, 5, 14, 5.5], "texture": "#1"},
				"west": {"uv": [5.5, 13.5, 6, 14], "texture": "#1"},
				"up": {"uv": [14, 6, 13.5, 5.5], "texture": "#1"},
				"down": {"uv": [6.5, 13.5, 6, 14], "texture": "#1"}
			}
		},
		{
			"from": [14, 4, 7.25],
			"to": [15, 5, 7.75],
			"rotation": {"angle": 0, "axis": "y", "origin": [14.5, 4, 7.5]},
			"faces": {
				"north": {"uv": [13.5, 6, 14, 6.5], "texture": "#1"},
				"east": {"uv": [13.5, 6.5, 14, 7], "texture": "#1"},
				"south": {"uv": [13.5, 7, 14, 7.5], "texture": "#1"},
				"west": {"uv": [13.5, 7.5, 14, 8], "texture": "#1"},
				"up": {"uv": [14, 8.5, 13.5, 8], "texture": "#1"},
				"down": {"uv": [9, 13.5, 8.5, 14], "texture": "#1"}
			}
		},
		{
			"from": [14, 3, 11],
			"to": [15, 4, 11.5],
			"rotation": {"angle": 0, "axis": "y", "origin": [14.5, 4, 7.5]},
			"faces": {
				"north": {"uv": [13.5, 8.5, 14, 9], "texture": "#1"},
				"east": {"uv": [9, 13.5, 9.5, 14], "texture": "#1"},
				"south": {"uv": [13.5, 9, 14, 9.5], "texture": "#1"},
				"west": {"uv": [9.5, 13.5, 10, 14], "texture": "#1"},
				"up": {"uv": [14, 10, 13.5, 9.5], "texture": "#1"},
				"down": {"uv": [10.5, 13.5, 10, 14], "texture": "#1"}
			}
		},
		{
			"from": [14, 4, 10.8],
			"to": [15, 5, 11.2],
			"rotation": {"angle": 0, "axis": "y", "origin": [14.5, 4, 7.5]},
			"faces": {
				"north": {"uv": [13.5, 10, 14, 10.5], "texture": "#1"},
				"east": {"uv": [10.5, 13.5, 11, 14], "texture": "#1"},
				"south": {"uv": [13.5, 10.5, 14, 11], "texture": "#1"},
				"west": {"uv": [11, 13.5, 11.5, 14], "texture": "#1"},
				"up": {"uv": [14, 11.5, 13.5, 11], "texture": "#1"},
				"down": {"uv": [12, 13.5, 11.5, 14], "texture": "#1"}
			}
		},
		{
			"from": [14, 3, 10.5],
			"to": [15, 4, 11],
			"rotation": {"angle": 0, "axis": "y", "origin": [14.5, 4, 7.5]},
			"faces": {
				"north": {"uv": [13.5, 11.5, 14, 12], "texture": "#1"},
				"east": {"uv": [12, 13.5, 12.5, 14], "texture": "#1"},
				"south": {"uv": [13.5, 12, 14, 12.5], "texture": "#1"},
				"west": {"uv": [12.5, 13.5, 13, 14], "texture": "#1"},
				"up": {"uv": [14, 13, 13.5, 12.5], "texture": "#1"},
				"down": {"uv": [13.5, 13.5, 13, 14], "texture": "#1"}
			}
		},
		{
			"from": [10.5, 3, 0],
			"to": [11, 4, 1],
			"rotation": {"angle": 0, "axis": "y", "origin": [7.5, 4, 0.5]},
			"faces": {
				"north": {"uv": [13.5, 13, 14, 13.5], "texture": "#1"},
				"east": {"uv": [13.5, 13.5, 14, 14], "texture": "#1"},
				"south": {"uv": [0, 14, 0.5, 14.5], "texture": "#1"},
				"west": {"uv": [14, 0, 14.5, 0.5], "texture": "#1"},
				"up": {"uv": [1, 14.5, 0.5, 14], "texture": "#1"},
				"down": {"uv": [14.5, 0.5, 14, 1], "texture": "#1"}
			}
		},
		{
			"from": [10.8, 4, 0],
			"to": [11.2, 5, 1],
			"rotation": {"angle": 0, "axis": "y", "origin": [7.5, 4, 0.5]},
			"faces": {
				"north": {"uv": [1, 14, 1.5, 14.5], "texture": "#1"},
				"east": {"uv": [14, 1, 14.5, 1.5], "texture": "#1"},
				"south": {"uv": [1.5, 14, 2, 14.5], "texture": "#1"},
				"west": {"uv": [14, 1.5, 14.5, 2], "texture": "#1"},
				"up": {"uv": [2.5, 14.5, 2, 14], "texture": "#1"},
				"down": {"uv": [14.5, 2, 14, 2.5], "texture": "#1"}
			}
		},
		{
			"from": [11, 3, 0],
			"to": [11.5, 4, 1],
			"rotation": {"angle": 0, "axis": "y", "origin": [7.5, 4, 0.5]},
			"faces": {
				"north": {"uv": [2.5, 14, 3, 14.5], "texture": "#1"},
				"east": {"uv": [14, 2.5, 14.5, 3], "texture": "#1"},
				"south": {"uv": [3, 14, 3.5, 14.5], "texture": "#1"},
				"west": {"uv": [14, 3, 14.5, 3.5], "texture": "#1"},
				"up": {"uv": [4, 14.5, 3.5, 14], "texture": "#1"},
				"down": {"uv": [14.5, 3.5, 14, 4], "texture": "#1"}
			}
		},
		{
			"from": [6.75, 3, 0],
			"to": [7.25, 4, 1],
			"rotation": {"angle": 0, "axis": "y", "origin": [7.5, 4, 0.5]},
			"faces": {
				"north": {"uv": [4, 14, 4.5, 14.5], "texture": "#1"},
				"east": {"uv": [14, 4, 14.5, 4.5], "texture": "#1"},
				"south": {"uv": [4.5, 14, 5, 14.5], "texture": "#1"},
				"west": {"uv": [14, 4.5, 14.5, 5], "texture": "#1"},
				"up": {"uv": [5.5, 14.5, 5, 14], "texture": "#1"},
				"down": {"uv": [14.5, 5, 14, 5.5], "texture": "#1"}
			}
		},
		{
			"from": [7.25, 3, 0],
			"to": [7.75, 4, 1],
			"rotation": {"angle": 0, "axis": "y", "origin": [7.5, 4, 0.5]},
			"faces": {
				"north": {"uv": [5.5, 14, 6, 14.5], "texture": "#1"},
				"east": {"uv": [14, 5.5, 14.5, 6], "texture": "#1"},
				"south": {"uv": [6, 14, 6.5, 14.5], "texture": "#1"},
				"west": {"uv": [14, 6, 14.5, 6.5], "texture": "#1"},
				"up": {"uv": [14.5, 7, 14, 6.5], "texture": "#1"},
				"down": {"uv": [14.5, 7, 14, 7.5], "texture": "#1"}
			}
		},
		{
			"from": [7.75, 3, 0],
			"to": [8.25, 4, 1],
			"rotation": {"angle": 0, "axis": "y", "origin": [7.5, 4, 0.5]},
			"faces": {
				"north": {"uv": [14, 7.5, 14.5, 8], "texture": "#1"},
				"east": {"uv": [14, 8, 14.5, 8.5], "texture": "#1"},
				"south": {"uv": [8.5, 14, 9, 14.5], "texture": "#1"},
				"west": {"uv": [14, 8.5, 14.5, 9], "texture": "#1"},
				"up": {"uv": [9.5, 14.5, 9, 14], "texture": "#1"},
				"down": {"uv": [14.5, 9, 14, 9.5], "texture": "#1"}
			}
		},
		{
			"from": [7.25, 4, 0],
			"to": [7.75, 5, 1],
			"rotation": {"angle": 0, "axis": "y", "origin": [7.5, 4, 0.5]},
			"faces": {
				"north": {"uv": [9.5, 14, 10, 14.5], "texture": "#1"},
				"east": {"uv": [14, 9.5, 14.5, 10], "texture": "#1"},
				"south": {"uv": [10, 14, 10.5, 14.5], "texture": "#1"},
				"west": {"uv": [14, 10, 14.5, 10.5], "texture": "#1"},
				"up": {"uv": [11, 14.5, 10.5, 14], "texture": "#1"},
				"down": {"uv": [14.5, 10.5, 14, 11], "texture": "#1"}
			}
		},
		{
			"from": [3.5, 3, 0],
			"to": [4, 4, 1],
			"rotation": {"angle": 0, "axis": "y", "origin": [7.5, 4, 0.5]},
			"faces": {
				"north": {"uv": [11, 14, 11.5, 14.5], "texture": "#1"},
				"east": {"uv": [14, 11, 14.5, 11.5], "texture": "#1"},
				"south": {"uv": [11.5, 14, 12, 14.5], "texture": "#1"},
				"west": {"uv": [14, 11.5, 14.5, 12], "texture": "#1"},
				"up": {"uv": [12.5, 14.5, 12, 14], "texture": "#1"},
				"down": {"uv": [14.5, 12, 14, 12.5], "texture": "#1"}
			}
		},
		{
			"from": [3.8, 4, 0],
			"to": [4.2, 5, 1],
			"rotation": {"angle": 0, "axis": "y", "origin": [7.5, 4, 0.5]},
			"faces": {
				"north": {"uv": [12.5, 14, 13, 14.5], "texture": "#1"},
				"east": {"uv": [14, 12.5, 14.5, 13], "texture": "#1"},
				"south": {"uv": [13, 14, 13.5, 14.5], "texture": "#1"},
				"west": {"uv": [14, 13, 14.5, 13.5], "texture": "#1"},
				"up": {"uv": [14, 14.5, 13.5, 14], "texture": "#1"},
				"down": {"uv": [14.5, 13.5, 14, 14], "texture": "#1"}
			}
		},
		{
			"from": [4, 3, 0],
			"to": [4.5, 4, 1],
			"rotation": {"angle": 0, "axis": "y", "origin": [7.5, 4, 0.5]},
			"faces": {
				"north": {"uv": [14, 14, 14.5, 14.5], "texture": "#1"},
				"east": {"uv": [0, 14.5, 0.5, 15], "texture": "#1"},
				"south": {"uv": [14.5, 0, 15, 0.5], "texture": "#1"},
				"west": {"uv": [0.5, 14.5, 1, 15], "texture": "#1"},
				"up": {"uv": [15, 1, 14.5, 0.5], "texture": "#1"},
				"down": {"uv": [1.5, 14.5, 1, 15], "texture": "#1"}
			}
		},
		{
			"from": [0, 3, 4],
			"to": [1, 4, 4.5],
			"rotation": {"angle": 0, "axis": "y", "origin": [0.5, 4, 7.5]},
			"faces": {
				"north": {"uv": [14.5, 1, 15, 1.5], "texture": "#1"},
				"east": {"uv": [1.5, 14.5, 2, 15], "texture": "#1"},
				"south": {"uv": [14.5, 1.5, 15, 2], "texture": "#1"},
				"west": {"uv": [2, 14.5, 2.5, 15], "texture": "#1"},
				"up": {"uv": [15, 2.5, 14.5, 2], "texture": "#1"},
				"down": {"uv": [3, 14.5, 2.5, 15], "texture": "#1"}
			}
		},
		{
			"from": [0, 4, 3.8],
			"to": [1, 5, 4.2],
			"rotation": {"angle": 0, "axis": "y", "origin": [0.5, 4, 7.5]},
			"faces": {
				"north": {"uv": [14.5, 2.5, 15, 3], "texture": "#1"},
				"east": {"uv": [3, 14.5, 3.5, 15], "texture": "#1"},
				"south": {"uv": [14.5, 3, 15, 3.5], "texture": "#1"},
				"west": {"uv": [3.5, 14.5, 4, 15], "texture": "#1"},
				"up": {"uv": [15, 4, 14.5, 3.5], "texture": "#1"},
				"down": {"uv": [4.5, 14.5, 4, 15], "texture": "#1"}
			}
		},
		{
			"from": [0, 3, 3.5],
			"to": [1, 4, 4],
			"rotation": {"angle": 0, "axis": "y", "origin": [0.5, 4, 7.5]},
			"faces": {
				"north": {"uv": [14.5, 4, 15, 4.5], "texture": "#1"},
				"east": {"uv": [4.5, 14.5, 5, 15], "texture": "#1"},
				"south": {"uv": [14.5, 4.5, 15, 5], "texture": "#1"},
				"west": {"uv": [5, 14.5, 5.5, 15], "texture": "#1"},
				"up": {"uv": [15, 5.5, 14.5, 5], "texture": "#1"},
				"down": {"uv": [6, 14.5, 5.5, 15], "texture": "#1"}
			}
		},
		{
			"from": [0, 3, 7.75],
			"to": [1, 4, 8.25],
			"rotation": {"angle": 0, "axis": "y", "origin": [0.5, 4, 7.5]},
			"faces": {
				"north": {"uv": [14.5, 5.5, 15, 6], "texture": "#1"},
				"east": {"uv": [6, 14.5, 6.5, 15], "texture": "#1"},
				"south": {"uv": [14.5, 6, 15, 6.5], "texture": "#1"},
				"west": {"uv": [14.5, 6.5, 15, 7], "texture": "#1"},
				"up": {"uv": [15, 7.5, 14.5, 7], "texture": "#1"},
				"down": {"uv": [15, 7.5, 14.5, 8], "texture": "#1"}
			}
		},
		{
			"from": [0, 3, 7.25],
			"to": [1, 4, 7.75],
			"rotation": {"angle": 0, "axis": "y", "origin": [0.5, 4, 7.5]},
			"faces": {
				"north": {"uv": [14.5, 8, 15, 8.5], "texture": "#1"},
				"east": {"uv": [8.5, 14.5, 9, 15], "texture": "#1"},
				"south": {"uv": [14.5, 8.5, 15, 9], "texture": "#1"},
				"west": {"uv": [9, 14.5, 9.5, 15], "texture": "#1"},
				"up": {"uv": [15, 9.5, 14.5, 9], "texture": "#1"},
				"down": {"uv": [10, 14.5, 9.5, 15], "texture": "#1"}
			}
		},
		{
			"from": [0, 3, 6.75],
			"to": [1, 4, 7.25],
			"rotation": {"angle": 0, "axis": "y", "origin": [0.5, 4, 7.5]},
			"faces": {
				"north": {"uv": [14.5, 9.5, 15, 10], "texture": "#1"},
				"east": {"uv": [10, 14.5, 10.5, 15], "texture": "#1"},
				"south": {"uv": [14.5, 10, 15, 10.5], "texture": "#1"},
				"west": {"uv": [10.5, 14.5, 11, 15], "texture": "#1"},
				"up": {"uv": [15, 11, 14.5, 10.5], "texture": "#1"},
				"down": {"uv": [11.5, 14.5, 11, 15], "texture": "#1"}
			}
		},
		{
			"from": [0, 4, 7.25],
			"to": [1, 5, 7.75],
			"rotation": {"angle": 0, "axis": "y", "origin": [0.5, 4, 7.5]},
			"faces": {
				"north": {"uv": [14.5, 11, 15, 11.5], "texture": "#1"},
				"east": {"uv": [11.5, 14.5, 12, 15], "texture": "#1"},
				"south": {"uv": [14.5, 11.5, 15, 12], "texture": "#1"},
				"west": {"uv": [12, 14.5, 12.5, 15], "texture": "#1"},
				"up": {"uv": [15, 12.5, 14.5, 12], "texture": "#1"},
				"down": {"uv": [13, 14.5, 12.5, 15], "texture": "#1"}
			}
		},
		{
			"from": [0, 3, 11],
			"to": [1, 4, 11.5],
			"rotation": {"angle": 0, "axis": "y", "origin": [0.5, 4, 7.5]},
			"faces": {
				"north": {"uv": [14.5, 12.5, 15, 13], "texture": "#1"},
				"east": {"uv": [13, 14.5, 13.5, 15], "texture": "#1"},
				"south": {"uv": [14.5, 13, 15, 13.5], "texture": "#1"},
				"west": {"uv": [13.5, 14.5, 14, 15], "texture": "#1"},
				"up": {"uv": [15, 14, 14.5, 13.5], "texture": "#1"},
				"down": {"uv": [14.5, 14.5, 14, 15], "texture": "#1"}
			}
		},
		{
			"from": [0, 4, 10.8],
			"to": [1, 5, 11.2],
			"rotation": {"angle": 0, "axis": "y", "origin": [0.5, 4, 7.5]},
			"faces": {
				"north": {"uv": [14.5, 14, 15, 14.5], "texture": "#1"},
				"east": {"uv": [14.5, 14.5, 15, 15], "texture": "#1"},
				"south": {"uv": [0, 15, 0.5, 15.5], "texture": "#1"},
				"west": {"uv": [15, 0, 15.5, 0.5], "texture": "#1"},
				"up": {"uv": [1, 15.5, 0.5, 15], "texture": "#1"},
				"down": {"uv": [15.5, 0.5, 15, 1], "texture": "#1"}
			}
		},
		{
			"from": [0, 3, 10.5],
			"to": [1, 4, 11],
			"rotation": {"angle": 0, "axis": "y", "origin": [0.5, 4, 7.5]},
			"faces": {
				"north": {"uv": [1, 15, 1.5, 15.5], "texture": "#1"},
				"east": {"uv": [15, 1, 15.5, 1.5], "texture": "#1"},
				"south": {"uv": [1.5, 15, 2, 15.5], "texture": "#1"},
				"west": {"uv": [15, 1.5, 15.5, 2], "texture": "#1"},
				"up": {"uv": [2.5, 15.5, 2, 15], "texture": "#1"},
				"down": {"uv": [15.5, 2, 15, 2.5], "texture": "#1"}
			}
		},
		{
			"from": [14.975, 1, 2.025],
			"to": [15.225, 2, 3.025],
			"rotation": {"angle": 0, "axis": "y", "origin": [15.1, 1.5, 7.525]},
			"faces": {
				"north": {"uv": [7.5, 5, 8, 5.5], "texture": "#1"},
				"east": {"uv": [7.5, 5.5, 8, 6], "texture": "#1"},
				"south": {"uv": [8, 5, 8.5, 5.5], "texture": "#1"},
				"west": {"uv": [8, 5.5, 8.5, 6], "texture": "#1"},
				"up": {"uv": [9, 5.5, 8.5, 5], "texture": "#1"},
				"down": {"uv": [9, 5.5, 8.5, 6], "texture": "#1"}
			}
		},
		{
			"from": [14.975, 1, 5.025],
			"to": [15.225, 2, 6.025],
			"rotation": {"angle": 0, "axis": "y", "origin": [15.1, 1.5, 7.525]},
			"faces": {
				"north": {"uv": [2.5, 15, 3, 15.5], "texture": "#1"},
				"east": {"uv": [15, 2.5, 15.5, 3], "texture": "#1"},
				"south": {"uv": [3, 15, 3.5, 15.5], "texture": "#1"},
				"west": {"uv": [15, 3, 15.5, 3.5], "texture": "#1"},
				"up": {"uv": [4, 15.5, 3.5, 15], "texture": "#1"},
				"down": {"uv": [15.5, 3.5, 15, 4], "texture": "#1"}
			}
		},
		{
			"from": [14.975, 1, 9.025],
			"to": [15.225, 2, 10.025],
			"rotation": {"angle": 0, "axis": "y", "origin": [15.1, 1.5, 7.525]},
			"faces": {
				"north": {"uv": [4, 15, 4.5, 15.5], "texture": "#1"},
				"east": {"uv": [15, 4, 15.5, 4.5], "texture": "#1"},
				"south": {"uv": [4.5, 15, 5, 15.5], "texture": "#1"},
				"west": {"uv": [15, 4.5, 15.5, 5], "texture": "#1"},
				"up": {"uv": [5.5, 15.5, 5, 15], "texture": "#1"},
				"down": {"uv": [15.5, 5, 15, 5.5], "texture": "#1"}
			}
		},
		{
			"from": [14.975, 1, 12.025],
			"to": [15.225, 2, 13.025],
			"rotation": {"angle": 0, "axis": "y", "origin": [15.1, 1.5, 7.525]},
			"faces": {
				"north": {"uv": [5.5, 15, 6, 15.5], "texture": "#1"},
				"east": {"uv": [15, 5.5, 15.5, 6], "texture": "#1"},
				"south": {"uv": [6, 15, 6.5, 15.5], "texture": "#1"},
				"west": {"uv": [15, 6, 15.5, 6.5], "texture": "#1"},
				"up": {"uv": [7, 15.5, 6.5, 15], "texture": "#1"},
				"down": {"uv": [15.5, 6.5, 15, 7], "texture": "#1"}
			}
		},
		{
			"from": [2, 1, 15],
			"to": [3, 2, 15.25],
			"rotation": {"angle": 0, "axis": "y", "origin": [7.5, 1.5, 15.125]},
			"faces": {
				"north": {"uv": [7, 15, 7.5, 15.5], "texture": "#1"},
				"east": {"uv": [15, 7, 15.5, 7.5], "texture": "#1"},
				"south": {"uv": [7.5, 15, 8, 15.5], "texture": "#1"},
				"west": {"uv": [15, 7.5, 15.5, 8], "texture": "#1"},
				"up": {"uv": [8.5, 15.5, 8, 15], "texture": "#1"},
				"down": {"uv": [15.5, 8, 15, 8.5], "texture": "#1"}
			}
		},
		{
			"from": [5, 1, 15],
			"to": [6, 2, 15.25],
			"rotation": {"angle": 0, "axis": "y", "origin": [7.5, 1.5, 15.125]},
			"faces": {
				"north": {"uv": [8.5, 15, 9, 15.5], "texture": "#1"},
				"east": {"uv": [15, 8.5, 15.5, 9], "texture": "#1"},
				"south": {"uv": [9, 15, 9.5, 15.5], "texture": "#1"},
				"west": {"uv": [15, 9, 15.5, 9.5], "texture": "#1"},
				"up": {"uv": [10, 15.5, 9.5, 15], "texture": "#1"},
				"down": {"uv": [15.5, 9.5, 15, 10], "texture": "#1"}
			}
		},
		{
			"from": [9, 1, 15],
			"to": [10, 2, 15.25],
			"rotation": {"angle": 0, "axis": "y", "origin": [7.5, 1.5, 15.125]},
			"faces": {
				"north": {"uv": [10, 15, 10.5, 15.5], "texture": "#1"},
				"east": {"uv": [15, 10, 15.5, 10.5], "texture": "#1"},
				"south": {"uv": [10.5, 15, 11, 15.5], "texture": "#1"},
				"west": {"uv": [15, 10.5, 15.5, 11], "texture": "#1"},
				"up": {"uv": [11.5, 15.5, 11, 15], "texture": "#1"},
				"down": {"uv": [15.5, 11, 15, 11.5], "texture": "#1"}
			}
		},
		{
			"from": [12, 1, 15],
			"to": [13, 2, 15.25],
			"rotation": {"angle": 0, "axis": "y", "origin": [7.5, 1.5, 15.125]},
			"faces": {
				"north": {"uv": [11.5, 15, 12, 15.5], "texture": "#1"},
				"east": {"uv": [15, 11.5, 15.5, 12], "texture": "#1"},
				"south": {"uv": [12, 15, 12.5, 15.5], "texture": "#1"},
				"west": {"uv": [15, 12, 15.5, 12.5], "texture": "#1"},
				"up": {"uv": [13, 15.5, 12.5, 15], "texture": "#1"},
				"down": {"uv": [15.5, 12.5, 15, 13], "texture": "#1"}
			}
		},
		{
			"from": [-0.225, 1, 12.025],
			"to": [0.025, 2, 13.025],
			"rotation": {"angle": 0, "axis": "y", "origin": [-0.1, 1.5, 7.525]},
			"faces": {
				"north": {"uv": [13, 15, 13.5, 15.5], "texture": "#1"},
				"east": {"uv": [15, 13, 15.5, 13.5], "texture": "#1"},
				"south": {"uv": [13.5, 15, 14, 15.5], "texture": "#1"},
				"west": {"uv": [15, 13.5, 15.5, 14], "texture": "#1"},
				"up": {"uv": [14.5, 15.5, 14, 15], "texture": "#1"},
				"down": {"uv": [15.5, 14, 15, 14.5], "texture": "#1"}
			}
		},
		{
			"from": [-0.225, 1, 9.025],
			"to": [0.025, 2, 10.025],
			"rotation": {"angle": 0, "axis": "y", "origin": [-0.1, 1.5, 7.525]},
			"faces": {
				"north": {"uv": [14.5, 15, 15, 15.5], "texture": "#1"},
				"east": {"uv": [15, 14.5, 15.5, 15], "texture": "#1"},
				"south": {"uv": [15, 15, 15.5, 15.5], "texture": "#1"},
				"west": {"uv": [0, 15.5, 0.5, 16], "texture": "#1"},
				"up": {"uv": [16, 0.5, 15.5, 0], "texture": "#1"},
				"down": {"uv": [1, 15.5, 0.5, 16], "texture": "#1"}
			}
		},
		{
			"from": [-0.225, 1, 5.025],
			"to": [0.025, 2, 6.025],
			"rotation": {"angle": 0, "axis": "y", "origin": [-0.1, 1.5, 7.525]},
			"faces": {
				"north": {"uv": [15.5, 0.5, 16, 1], "texture": "#1"},
				"east": {"uv": [1, 15.5, 1.5, 16], "texture": "#1"},
				"south": {"uv": [15.5, 1, 16, 1.5], "texture": "#1"},
				"west": {"uv": [1.5, 15.5, 2, 16], "texture": "#1"},
				"up": {"uv": [16, 2, 15.5, 1.5], "texture": "#1"},
				"down": {"uv": [2.5, 15.5, 2, 16], "texture": "#1"}
			}
		},
		{
			"from": [-0.225, 1, 2.025],
			"to": [0.025, 2, 3.025],
			"rotation": {"angle": 0, "axis": "y", "origin": [-0.1, 1.5, 7.525]},
			"faces": {
				"north": {"uv": [15.5, 2, 16, 2.5], "texture": "#1"},
				"east": {"uv": [2.5, 15.5, 3, 16], "texture": "#1"},
				"south": {"uv": [15.5, 2.5, 16, 3], "texture": "#1"},
				"west": {"uv": [3, 15.5, 3.5, 16], "texture": "#1"},
				"up": {"uv": [16, 3.5, 15.5, 3], "texture": "#1"},
				"down": {"uv": [4, 15.5, 3.5, 16], "texture": "#1"}
			}
		},
		{
			"from": [2, 1, -0.2],
			"to": [3, 2, 0.05],
			"rotation": {"angle": 0, "axis": "y", "origin": [7.5, 1.5, -0.075]},
			"faces": {
				"north": {"uv": [15.5, 3.5, 16, 4], "texture": "#1"},
				"east": {"uv": [4, 15.5, 4.5, 16], "texture": "#1"},
				"south": {"uv": [15.5, 4, 16, 4.5], "texture": "#1"},
				"west": {"uv": [4.5, 15.5, 5, 16], "texture": "#1"},
				"up": {"uv": [16, 5, 15.5, 4.5], "texture": "#1"},
				"down": {"uv": [5.5, 15.5, 5, 16], "texture": "#1"}
			}
		},
		{
			"from": [5, 1, -0.2],
			"to": [6, 2, 0.05],
			"rotation": {"angle": 0, "axis": "y", "origin": [7.5, 1.5, -0.075]},
			"faces": {
				"north": {"uv": [15.5, 5, 16, 5.5], "texture": "#1"},
				"east": {"uv": [5.5, 15.5, 6, 16], "texture": "#1"},
				"south": {"uv": [15.5, 5.5, 16, 6], "texture": "#1"},
				"west": {"uv": [6, 15.5, 6.5, 16], "texture": "#1"},
				"up": {"uv": [16, 6.5, 15.5, 6], "texture": "#1"},
				"down": {"uv": [7, 15.5, 6.5, 16], "texture": "#1"}
			}
		},
		{
			"from": [9, 1, -0.2],
			"to": [10, 2, 0.05],
			"rotation": {"angle": 0, "axis": "y", "origin": [7.5, 1.5, -0.075]},
			"faces": {
				"north": {"uv": [15.5, 6.5, 16, 7], "texture": "#1"},
				"east": {"uv": [7, 15.5, 7.5, 16], "texture": "#1"},
				"south": {"uv": [15.5, 7, 16, 7.5], "texture": "#1"},
				"west": {"uv": [7.5, 15.5, 8, 16], "texture": "#1"},
				"up": {"uv": [16, 8, 15.5, 7.5], "texture": "#1"},
				"down": {"uv": [8.5, 15.5, 8, 16], "texture": "#1"}
			}
		},
		{
			"from": [12, 1, -0.2],
			"to": [13, 2, 0.05],
			"rotation": {"angle": 0, "axis": "y", "origin": [7.5, 1.5, -0.075]},
			"faces": {
				"north": {"uv": [15.5, 8, 16, 8.5], "texture": "#1"},
				"east": {"uv": [8.5, 15.5, 9, 16], "texture": "#1"},
				"south": {"uv": [15.5, 8.5, 16, 9], "texture": "#1"},
				"west": {"uv": [9, 15.5, 9.5, 16], "texture": "#1"},
				"up": {"uv": [16, 9.5, 15.5, 9], "texture": "#1"},
				"down": {"uv": [10, 15.5, 9.5, 16], "texture": "#1"}
			}
		}
	],
	"display": {
		"head": {
			"translation": [0.5, 12.25, 0.5]
		}
	},
	"groups": [
		{
			"name": "group",
			"origin": [7, 0, 7],
			"color": 0,
			"children": [
				0,
				1,
				2,
				3,
				{
					"name": "group",
					"origin": [0.5, 3, -0.5],
					"color": 0,
					"children": [4, 5, 6, 7, 8, 9, 10, 11]
				},
				{
					"name": "group",
					"origin": [0.5, 3, -0.5],
					"color": 0,
					"children": [12, 13, 14, 15, 16, 17, 18, 19]
				},
				{
					"name": "group",
					"origin": [0.5, 3, -0.5],
					"color": 0,
					"children": [20, 21, 22, 23, 24, 25, 26, 27]
				},
				{
					"name": "group",
					"origin": [0.5, 3, -0.5],
					"color": 0,
					"children": [28, 29, 30, 31, 32, 33, 34, 35]
				},
				{
					"name": "group",
					"origin": [8, 8, 8],
					"color": 0,
					"children": [
						{
							"name": "group",
							"origin": [8, 8, 8],
							"color": 0,
							"children": [36, 37, 38]
						},
						{
							"name": "group",
							"origin": [8, 8, 8],
							"color": 0,
							"children": [39, 40, 41, 42]
						},
						{
							"name": "group",
							"origin": [8, 8, 8],
							"color": 0,
							"children": [43, 44, 45]
						}
					]
				},
				{
					"name": "group",
					"origin": [8, 8, 8],
					"color": 0,
					"children": [
						{
							"name": "group",
							"origin": [8, 8, 8],
							"color": 0,
							"children": [46, 47, 48]
						},
						{
							"name": "group",
							"origin": [8, 8, 8],
							"color": 0,
							"children": [49, 50, 51, 52]
						},
						{
							"name": "group",
							"origin": [8, 8, 8],
							"color": 0,
							"children": [53, 54, 55]
						}
					]
				},
				{
					"name": "group",
					"origin": [8, 8, 8],
					"color": 0,
					"children": [
						{
							"name": "group",
							"origin": [8, 8, 8],
							"color": 0,
							"children": [56, 57, 58]
						},
						{
							"name": "group",
							"origin": [8, 8, 8],
							"color": 0,
							"children": [59, 60, 61, 62]
						},
						{
							"name": "group",
							"origin": [8, 8, 8],
							"color": 0,
							"children": [63, 64, 65]
						}
					]
				},
				{
					"name": "group",
					"origin": [8, 8, 8],
					"color": 0,
					"children": [
						{
							"name": "group",
							"origin": [8, 8, 8],
							"color": 0,
							"children": [66, 67, 68]
						},
						{
							"name": "group",
							"origin": [8, 8, 8],
							"color": 0,
							"children": [69, 70, 71, 72]
						},
						{
							"name": "group",
							"origin": [8, 8, 8],
							"color": 0,
							"children": [73, 74, 75]
						}
					]
				},
				{
					"name": "group",
					"origin": [0, 0, 0],
					"color": 0,
					"children": [76, 77, 78, 79]
				},
				{
					"name": "group",
					"origin": [0, 0, 0],
					"color": 0,
					"children": [80, 81, 82, 83]
				},
				{
					"name": "group",
					"origin": [0, 0, 0],
					"color": 0,
					"children": [84, 85, 86, 87]
				},
				{
					"name": "group",
					"origin": [0, 0, 0],
					"color": 0,
					"children": [88, 89, 90, 91]
				}
			]
		}
	]
}