{
	"format_version": "1.9.0",
	"credit": "Made with Blockbench",
	"texture_size": [32, 32],
	"textures": {
		"0": "atrolon:item/hats/crown_1",
		"particle": "atrolon:item/hats/crown_1"
	},
	"elements": [
		{
			"from": [1, -0.6, 1],
			"to": [15, 2, 3],
			"rotation": {"angle": 0, "axis": "y", "origin": [1, 0, 1]},
			"faces": {
				"north": {"uv": [0, 0, 7, 1], "texture": "#0"},
				"east": {"uv": [8, 10.5, 9, 11.5], "texture": "#0"},
				"south": {"uv": [0, 1, 7, 2], "texture": "#0"},
				"west": {"uv": [9, 10.5, 10, 11.5], "texture": "#0"},
				"up": {"uv": [7, 3, 0, 2], "texture": "#0"},
				"down": {"uv": [7, 3, 0, 4], "texture": "#0"}
			}
		},
		{
			"from": [1, -0.6, 13],
			"to": [15, 2, 15],
			"rotation": {"angle": 0, "axis": "y", "origin": [1, 0, 15]},
			"faces": {
				"north": {"uv": [7, 1, 0, 2], "texture": "#0"},
				"east": {"uv": [9, 10.5, 8, 11.5], "texture": "#0"},
				"south": {"uv": [7, 0, 0, 1], "texture": "#0"},
				"west": {"uv": [10, 10.5, 9, 11.5], "texture": "#0"},
				"up": {"uv": [7, 2, 0, 3], "texture": "#0"},
				"down": {"uv": [7, 4, 0, 3], "texture": "#0"}
			}
		},
		{
			"from": [1, -0.6, 3],
			"to": [3, 2, 13],
			"rotation": {"angle": 0, "axis": "y", "origin": [1, 0, 1]},
			"faces": {
				"north": {"uv": [10, 10.5, 9, 11.5], "texture": "#0"},
				"east": {"uv": [6, 1, 1, 2], "texture": "#0"},
				"south": {"uv": [9, 10.5, 8, 11.5], "texture": "#0"},
				"west": {"uv": [6, 0, 1, 1], "texture": "#0"},
				"up": {"uv": [6, 2, 1, 3], "rotation": 90, "texture": "#0"},
				"down": {"uv": [6, 4, 1, 3], "rotation": 270, "texture": "#0"}
			}
		},
		{
			"from": [13, -0.6, 3],
			"to": [15, 2, 13],
			"rotation": {"angle": 0, "axis": "y", "origin": [15, 0, 1]},
			"faces": {
				"north": {"uv": [9, 10.5, 10, 11.5], "texture": "#0"},
				"east": {"uv": [1, 0, 6, 1], "texture": "#0"},
				"south": {"uv": [8, 10.5, 9, 11.5], "texture": "#0"},
				"west": {"uv": [1, 1, 6, 2], "texture": "#0"},
				"up": {"uv": [6, 3, 1, 2], "rotation": 90, "texture": "#0"},
				"down": {"uv": [6, 3, 1, 4], "rotation": 270, "texture": "#0"}
			}
		},
		{
			"from": [1.5, 2, 6],
			"to": [2.5, 3.5, 10],
			"rotation": {"angle": 0, "axis": "y", "origin": [1, 2, 9]},
			"faces": {
				"north": {"uv": [4, 12.5, 4.5, 13.5], "texture": "#0"},
				"east": {"uv": [9, 7, 11, 8], "texture": "#0"},
				"south": {"uv": [11, 12.5, 11.5, 13.5], "texture": "#0"},
				"west": {"uv": [9, 6, 11, 7], "texture": "#0"},
				"up": {"uv": [13, 6.5, 11, 6], "rotation": 270, "texture": "#0"},
				"down": {"uv": [13, 6.5, 11, 7], "rotation": 90, "texture": "#0"}
			}
		},
		{
			"from": [1.7, 2.1, 7],
			"to": [2.3, 4.6, 9],
			"rotation": {"angle": 0, "axis": "y", "origin": [1, 2.1, 9]},
			"faces": {
				"north": {"uv": [3.5, 12, 4, 13.5], "texture": "#0"},
				"east": {"uv": [2, 10, 3, 11.5], "texture": "#0"},
				"south": {"uv": [4.5, 12, 5, 13.5], "texture": "#0"},
				"west": {"uv": [1, 10, 2, 11.5], "texture": "#0"},
				"up": {"uv": [13.5, 11.5, 12.5, 11], "rotation": 270, "texture": "#0"},
				"down": {"uv": [13, 12.5, 12, 13], "rotation": 90, "texture": "#0"}
			}
		},
		{
			"from": [13.5, 2, 6],
			"to": [14.5, 3.5, 10],
			"rotation": {"angle": 0, "axis": "y", "origin": [15, 2, 9]},
			"faces": {
				"north": {"uv": [4.5, 12.5, 4, 13.5], "texture": "#0"},
				"east": {"uv": [11, 6, 9, 7], "texture": "#0"},
				"south": {"uv": [11.5, 12.5, 11, 13.5], "texture": "#0"},
				"west": {"uv": [11, 7, 9, 8], "texture": "#0"},
				"up": {"uv": [13, 6, 11, 6.5], "rotation": 270, "texture": "#0"},
				"down": {"uv": [13, 7, 11, 6.5], "rotation": 90, "texture": "#0"}
			}
		},
		{
			"from": [13.7, 2.1, 7],
			"to": [14.3, 4.6, 9],
			"rotation": {"angle": 0, "axis": "y", "origin": [15, 2.1, 9]},
			"faces": {
				"north": {"uv": [4, 12, 3.5, 13.5], "texture": "#0"},
				"east": {"uv": [2, 10, 1, 11.5], "texture": "#0"},
				"south": {"uv": [5, 12, 4.5, 13.5], "texture": "#0"},
				"west": {"uv": [3, 10, 2, 11.5], "texture": "#0"},
				"up": {"uv": [13.5, 11, 12.5, 11.5], "rotation": 270, "texture": "#0"},
				"down": {"uv": [13, 13, 12, 12.5], "rotation": 90, "texture": "#0"}
			}
		},
		{
			"from": [6, 2, 13.5],
			"to": [10, 3.5, 14.5],
			"rotation": {"angle": 0, "axis": "y", "origin": [7, 2, 15]},
			"faces": {
				"north": {"uv": [11, 7, 9, 8], "texture": "#0"},
				"east": {"uv": [4.5, 12.5, 4, 13.5], "texture": "#0"},
				"south": {"uv": [11, 6, 9, 7], "texture": "#0"},
				"west": {"uv": [11.5, 12.5, 11, 13.5], "texture": "#0"},
				"up": {"uv": [13, 6, 11, 6.5], "texture": "#0"},
				"down": {"uv": [13, 7, 11, 6.5], "texture": "#0"}
			}
		},
		{
			"from": [7, 2.1, 13.7],
			"to": [9, 4.6, 14.3],
			"rotation": {"angle": 0, "axis": "y", "origin": [7, 2.1, 15]},
			"faces": {
				"north": {"uv": [4, 10, 3, 11.5], "texture": "#0"},
				"east": {"uv": [7, 10, 6.5, 11.5], "texture": "#0"},
				"south": {"uv": [5, 10, 4, 11.5], "texture": "#0"},
				"west": {"uv": [6.5, 10, 6, 11.5], "texture": "#0"},
				"up": {"uv": [6, 10, 5, 10.5], "texture": "#0"},
				"down": {"uv": [6, 11, 5, 10.5], "texture": "#0"}
			}
		},
		{
			"from": [6, 2, 1.5],
			"to": [10, 3.5, 2.5],
			"rotation": {"angle": 0, "axis": "y", "origin": [7, 2, 1]},
			"faces": {
				"north": {"uv": [9, 6, 11, 7], "texture": "#0"},
				"east": {"uv": [4, 12.5, 4.5, 13.5], "texture": "#0"},
				"south": {"uv": [9, 7, 11, 8], "texture": "#0"},
				"west": {"uv": [11, 12.5, 11.5, 13.5], "texture": "#0"},
				"up": {"uv": [13, 6.5, 11, 6], "texture": "#0"},
				"down": {"uv": [13, 6.5, 11, 7], "texture": "#0"}
			}
		},
		{
			"from": [7, 2.1, 1.7],
			"to": [9, 4.6, 2.3],
			"rotation": {"angle": 0, "axis": "y", "origin": [7, 2.1, 1]},
			"faces": {
				"north": {"uv": [4, 10, 5, 11.5], "texture": "#0"},
				"east": {"uv": [6.5, 10, 7, 11.5], "texture": "#0"},
				"south": {"uv": [3, 10, 4, 11.5], "texture": "#0"},
				"west": {"uv": [6, 10, 6.5, 11.5], "texture": "#0"},
				"up": {"uv": [6, 10.5, 5, 10], "texture": "#0"},
				"down": {"uv": [6, 10.5, 5, 11], "texture": "#0"}
			}
		},
		{
			"from": [1.5, 2, 1.5],
			"to": [2.5, 3.2, 4],
			"rotation": {"angle": 0, "axis": "y", "origin": [1, 2, 4]},
			"faces": {
				"north": {"uv": [2, 13, 2.5, 13.5], "texture": "#0"},
				"east": {"uv": [8, 11.5, 9.5, 12], "texture": "#0"},
				"south": {"uv": [13, 2, 13.5, 2.5], "texture": "#0"},
				"west": {"uv": [11.5, 9, 13, 9.5], "texture": "#0"},
				"up": {"uv": [2.5, 13, 2, 11.5], "texture": "#0"},
				"down": {"uv": [3, 11.5, 2.5, 13], "texture": "#0"}
			}
		},
		{
			"from": [2.5, 2, 1.5],
			"to": [4, 3.2, 2.5],
			"rotation": {"angle": 0, "axis": "y", "origin": [2, 2, 1]},
			"faces": {
				"north": {"uv": [12.5, 3, 13.5, 3.5], "texture": "#0"},
				"east": {"uv": [2.5, 13, 3, 13.5], "texture": "#0"},
				"south": {"uv": [12.5, 3.5, 13.5, 4], "texture": "#0"},
				"west": {"uv": [13, 2.5, 13.5, 3], "texture": "#0"},
				"up": {"uv": [13.5, 4.5, 12.5, 4], "texture": "#0"},
				"down": {"uv": [13.5, 4.5, 12.5, 5], "texture": "#0"}
			}
		},
		{
			"from": [13.5, 2, 1.5],
			"to": [14.5, 3.2, 4],
			"rotation": {"angle": 0, "axis": "y", "origin": [15, 2, 4]},
			"faces": {
				"north": {"uv": [2.5, 13, 2, 13.5], "texture": "#0"},
				"east": {"uv": [13, 9, 11.5, 9.5], "texture": "#0"},
				"south": {"uv": [13.5, 2, 13, 2.5], "texture": "#0"},
				"west": {"uv": [9.5, 11.5, 8, 12], "texture": "#0"},
				"up": {"uv": [2, 13, 2.5, 11.5], "texture": "#0"},
				"down": {"uv": [2.5, 11.5, 3, 13], "texture": "#0"}
			}
		},
		{
			"from": [12, 2, 1.5],
			"to": [13.5, 3.2, 2.5],
			"rotation": {"angle": 0, "axis": "y", "origin": [14, 2, 1]},
			"faces": {
				"north": {"uv": [13.5, 3, 12.5, 3.5], "texture": "#0"},
				"east": {"uv": [13.5, 2.5, 13, 3], "texture": "#0"},
				"south": {"uv": [13.5, 3.5, 12.5, 4], "texture": "#0"},
				"west": {"uv": [3, 13, 2.5, 13.5], "texture": "#0"},
				"up": {"uv": [12.5, 4.5, 13.5, 4], "texture": "#0"},
				"down": {"uv": [12.5, 4.5, 13.5, 5], "texture": "#0"}
			}
		},
		{
			"from": [13.5, 2, 12],
			"to": [14.5, 3.2, 14.5],
			"rotation": {"angle": 0, "axis": "y", "origin": [15, 2, 12]},
			"faces": {
				"north": {"uv": [13, 2, 13.5, 2.5], "texture": "#0"},
				"east": {"uv": [11.5, 9, 13, 9.5], "texture": "#0"},
				"south": {"uv": [2, 13, 2.5, 13.5], "texture": "#0"},
				"west": {"uv": [8, 11.5, 9.5, 12], "texture": "#0"},
				"up": {"uv": [2, 11.5, 2.5, 13], "texture": "#0"},
				"down": {"uv": [2.5, 13, 3, 11.5], "texture": "#0"}
			}
		},
		{
			"from": [12, 2, 13.5],
			"to": [13.5, 3.2, 14.5],
			"rotation": {"angle": 0, "axis": "y", "origin": [14, 2, 15]},
			"faces": {
				"north": {"uv": [12.5, 3.5, 13.5, 4], "texture": "#0"},
				"east": {"uv": [13, 2.5, 13.5, 3], "texture": "#0"},
				"south": {"uv": [12.5, 3, 13.5, 3.5], "texture": "#0"},
				"west": {"uv": [2.5, 13, 3, 13.5], "texture": "#0"},
				"up": {"uv": [12.5, 4, 13.5, 4.5], "texture": "#0"},
				"down": {"uv": [12.5, 5, 13.5, 4.5], "texture": "#0"}
			}
		},
		{
			"from": [1.5, 2, 12],
			"to": [2.5, 3.2, 14.5],
			"rotation": {"angle": 0, "axis": "y", "origin": [1, 2, 12]},
			"faces": {
				"north": {"uv": [13.5, 2, 13, 2.5], "texture": "#0"},
				"east": {"uv": [9.5, 11.5, 8, 12], "texture": "#0"},
				"south": {"uv": [2.5, 13, 2, 13.5], "texture": "#0"},
				"west": {"uv": [13, 9, 11.5, 9.5], "texture": "#0"},
				"up": {"uv": [2.5, 11.5, 2, 13], "texture": "#0"},
				"down": {"uv": [3, 13, 2.5, 11.5], "texture": "#0"}
			}
		},
		{
			"from": [2.5, 2, 13.5],
			"to": [4, 3.2, 14.5],
			"rotation": {"angle": 0, "axis": "y", "origin": [2, 2, 15]},
			"faces": {
				"north": {"uv": [13.5, 3.5, 12.5, 4], "texture": "#0"},
				"east": {"uv": [3, 13, 2.5, 13.5], "texture": "#0"},
				"south": {"uv": [13.5, 3, 12.5, 3.5], "texture": "#0"},
				"west": {"uv": [13.5, 2.5, 13, 3], "texture": "#0"},
				"up": {"uv": [13.5, 4, 12.5, 4.5], "texture": "#0"},
				"down": {"uv": [13.5, 5, 12.5, 4.5], "texture": "#0"}
			}
		}
	],
	"display": {
		"thirdperson_righthand": {
			"rotation": [55, 0, 0],
			"translation": [0, 1.75, 1.75],
			"scale": [0.2, 0.2, 0.2]
		},
		"thirdperson_lefthand": {
			"rotation": [55, 0, 0],
			"translation": [0, 1.75, 1.75],
			"scale": [0.2, 0.2, 0.2]
		},
		"firstperson_righthand": {
			"translation": [-0.75, 4.75, 0],
			"scale": [0.6, 0.6, 0.6]
		},
		"firstperson_lefthand": {
			"translation": [-0.75, 4.75, 0],
			"scale": [0.6, 0.6, 0.6]
		},
		"ground": {
			"translation": [0, 4.75, 0],
			"scale": [0.6, 0.6, 0.6]
		},
		"gui": {
			"rotation": [30, 45, 0],
			"translation": [0, 3.5, 0],
			"scale": [0.7, 0.7, 0.7]
		},
		"head": {
			"translation": [0, 13.25, 0],
			"scale": [0.8, 0.8, 0.8]
		}
	},
	"groups": [
		0,
		1,
		2,
		3,
		{
			"name": "group",
			"origin": [7, 2, 1],
			"color": 0,
			"children": [4, 5]
		},
		{
			"name": "group",
			"origin": [7, 2, 1],
			"color": 0,
			"children": [6, 7]
		},
		{
			"name": "group",
			"origin": [7, 2, 1],
			"color": 0,
			"children": [8, 9]
		},
		{
			"name": "group",
			"origin": [7, 2, 1],
			"color": 0,
			"children": [10, 11]
		},
		{
			"name": "group",
			"origin": [2, 2, 1],
			"color": 0,
			"children": [12, 13]
		},
		{
			"name": "group",
			"origin": [2, 2, 1],
			"color": 0,
			"children": [14, 15]
		},
		{
			"name": "group",
			"origin": [2, 2, 1],
			"color": 0,
			"children": [16, 17]
		},
		{
			"name": "group",
			"origin": [2, 2, 1],
			"color": 0,
			"children": [18, 19]
		}
	]
}