{
	"format_version": "1.9.0",
	"credit": "Made with Blockbench",
	"texture_size": [32, 32],
	"textures": {
		"0": "atrolon:item/hats/crown_4"
	},
	"elements": [
		{
			"from": [2, 0, 2],
			"to": [14, 3.5, 2.75],
			"rotation": {"angle": 0, "axis": "y", "origin": [7, 0, 2]},
			"faces": {
				"north": {"uv": [0, 0, 6, 1.75], "texture": "#0"},
				"east": {"uv": [2, 9, 2.375, 10.75], "texture": "#0"},
				"south": {"uv": [0, 2, 6, 3.75], "texture": "#0"},
				"west": {"uv": [2.5, 9, 2.875, 10.75], "texture": "#0"},
				"up": {"uv": [6, 8.375, 0, 8], "texture": "#0"},
				"down": {"uv": [12, 8, 6, 8.375], "texture": "#0"}
			}
		},
		{
			"from": [2, 0, 13.25],
			"to": [14, 3.5, 14],
			"rotation": {"angle": 0, "axis": "y", "origin": [7, 0, 13.25]},
			"faces": {
				"north": {"uv": [0, 4, 6, 5.75], "texture": "#0"},
				"east": {"uv": [3, 9, 3.375, 10.75], "texture": "#0"},
				"south": {"uv": [0, 6, 6, 7.75], "texture": "#0"},
				"west": {"uv": [3.5, 9, 3.875, 10.75], "texture": "#0"},
				"up": {"uv": [6, 8.875, 0, 8.5], "texture": "#0"},
				"down": {"uv": [12, 8.5, 6, 8.875], "texture": "#0"}
			}
		},
		{
			"from": [2, 0, 2.75],
			"to": [2.75, 3.5, 13.25],
			"rotation": {"angle": 0, "axis": "y", "origin": [2, 0, 9.75]},
			"faces": {
				"north": {"uv": [4, 9, 4.375, 10.75], "texture": "#0"},
				"east": {"uv": [6, 0, 11.25, 1.75], "texture": "#0"},
				"south": {"uv": [4.5, 9, 4.875, 10.75], "texture": "#0"},
				"west": {"uv": [6, 2, 11.25, 3.75], "texture": "#0"},
				"up": {"uv": [0.375, 14.25, 0, 9], "texture": "#0"},
				"down": {"uv": [0.875, 9, 0.5, 14.25], "texture": "#0"}
			}
		},
		{
			"from": [13.25, 0, 2.75],
			"to": [14, 3.5, 13.25],
			"rotation": {"angle": 0, "axis": "y", "origin": [13.25, 0, 9.75]},
			"faces": {
				"north": {"uv": [5, 9, 5.375, 10.75], "texture": "#0"},
				"east": {"uv": [6, 4, 11.25, 5.75], "texture": "#0"},
				"south": {"uv": [5.5, 9, 5.875, 10.75], "texture": "#0"},
				"west": {"uv": [6, 6, 11.25, 7.75], "texture": "#0"},
				"up": {"uv": [1.375, 14.25, 1, 9], "texture": "#0"},
				"down": {"uv": [1.875, 9, 1.5, 14.25], "texture": "#0"}
			}
		},
		{
			"from": [2.1, 3.5, 2.1],
			"to": [2.7, 5.1, 2.7],
			"rotation": {"angle": 0, "axis": "y", "origin": [1.9, 3.5, 1.9]},
			"faces": {
				"north": {"uv": [5, 12, 5.25, 12.75], "texture": "#0"},
				"east": {"uv": [12, 5, 12.25, 5.75], "texture": "#0"},
				"south": {"uv": [5.5, 12, 5.75, 12.75], "texture": "#0"},
				"west": {"uv": [6, 12, 6.25, 12.75], "texture": "#0"},
				"up": {"uv": [9.25, 14.25, 9, 14], "texture": "#0"},
				"down": {"uv": [14.25, 9, 14, 9.25], "texture": "#0"}
			}
		},
		{
			"from": [2.2, 3.5, 2.7],
			"to": [2.6, 4.3, 3.5],
			"rotation": {"angle": 0, "axis": "y", "origin": [1.9, 3.5, 2.6]},
			"faces": {
				"north": {"uv": [13.5, 5.5, 13.75, 5.875], "texture": "#0"},
				"east": {"uv": [12, 10, 12.375, 10.375], "texture": "#0"},
				"south": {"uv": [6, 13.5, 6.25, 13.875], "texture": "#0"},
				"west": {"uv": [10.5, 12, 10.875, 12.375], "texture": "#0"},
				"up": {"uv": [13.75, 6.375, 13.5, 6], "texture": "#0"},
				"down": {"uv": [6.75, 13.5, 6.5, 13.875], "texture": "#0"}
			}
		},
		{
			"from": [2.7, 3.5, 2.2],
			"to": [3.5, 4.3, 2.6],
			"rotation": {"angle": 0, "axis": "y", "origin": [2.6, 3.5, 2]},
			"faces": {
				"north": {"uv": [12, 10.5, 12.375, 10.875], "texture": "#0"},
				"east": {"uv": [13.5, 6.5, 13.75, 6.875], "texture": "#0"},
				"south": {"uv": [11, 12, 11.375, 12.375], "texture": "#0"},
				"west": {"uv": [7, 13.5, 7.25, 13.875], "texture": "#0"},
				"up": {"uv": [13.875, 7.25, 13.5, 7], "texture": "#0"},
				"down": {"uv": [7.875, 13.5, 7.5, 13.75], "texture": "#0"}
			}
		},
		{
			"from": [13.3, 3.5, 2.1],
			"to": [13.9, 5.1, 2.7],
			"rotation": {"angle": 0, "axis": "y", "origin": [14.1, 3.5, 1.9]},
			"faces": {
				"north": {"uv": [12, 6, 12.25, 6.75], "texture": "#0"},
				"east": {"uv": [6.5, 12, 6.75, 12.75], "texture": "#0"},
				"south": {"uv": [7, 12, 7.25, 12.75], "texture": "#0"},
				"west": {"uv": [12, 7, 12.25, 7.75], "texture": "#0"},
				"up": {"uv": [9.75, 14.25, 9.5, 14], "texture": "#0"},
				"down": {"uv": [14.25, 9.5, 14, 9.75], "texture": "#0"}
			}
		},
		{
			"from": [12.5, 3.5, 2.2],
			"to": [13.3, 4.3, 2.6],
			"rotation": {"angle": 0, "axis": "y", "origin": [13.4, 3.5, 1.9]},
			"faces": {
				"north": {"uv": [12, 11, 12.375, 11.375], "texture": "#0"},
				"east": {"uv": [13.5, 7.5, 13.75, 7.875], "texture": "#0"},
				"south": {"uv": [11.5, 12, 11.875, 12.375], "texture": "#0"},
				"west": {"uv": [8, 13.5, 8.25, 13.875], "texture": "#0"},
				"up": {"uv": [13.875, 8.25, 13.5, 8], "texture": "#0"},
				"down": {"uv": [8.875, 13.5, 8.5, 13.75], "texture": "#0"}
			}
		},
		{
			"from": [13.4, 3.5, 2.7],
			"to": [13.8, 4.3, 3.5],
			"rotation": {"angle": 0, "axis": "y", "origin": [14, 3.5, 2.6]},
			"faces": {
				"north": {"uv": [13.5, 8.5, 13.75, 8.875], "texture": "#0"},
				"east": {"uv": [12, 11.5, 12.375, 11.875], "texture": "#0"},
				"south": {"uv": [9, 13.5, 9.25, 13.875], "texture": "#0"},
				"west": {"uv": [12, 12, 12.375, 12.375], "texture": "#0"},
				"up": {"uv": [13.75, 9.375, 13.5, 9], "texture": "#0"},
				"down": {"uv": [9.75, 13.5, 9.5, 13.875], "texture": "#0"}
			}
		},
		{
			"from": [13.3, 3.5, 13.3],
			"to": [13.9, 5.1, 13.9],
			"rotation": {"angle": 0, "axis": "y", "origin": [14.1, 3.5, 13.1]},
			"faces": {
				"north": {"uv": [7.5, 12, 7.75, 12.75], "texture": "#0"},
				"east": {"uv": [8, 12, 8.25, 12.75], "texture": "#0"},
				"south": {"uv": [12, 8, 12.25, 8.75], "texture": "#0"},
				"west": {"uv": [8.5, 12, 8.75, 12.75], "texture": "#0"},
				"up": {"uv": [10.25, 14.25, 10, 14], "texture": "#0"},
				"down": {"uv": [14.25, 10, 14, 10.25], "texture": "#0"}
			}
		},
		{
			"from": [13.4, 3.5, 12.5],
			"to": [13.8, 4.3, 13.3],
			"rotation": {"angle": 0, "axis": "y", "origin": [14, 3.5, 12.4]},
			"faces": {
				"north": {"uv": [13.5, 9.5, 13.75, 9.875], "texture": "#0"},
				"east": {"uv": [12.5, 0, 12.875, 0.375], "texture": "#0"},
				"south": {"uv": [10, 13.5, 10.25, 13.875], "texture": "#0"},
				"west": {"uv": [12.5, 0.5, 12.875, 0.875], "texture": "#0"},
				"up": {"uv": [13.75, 10.375, 13.5, 10], "texture": "#0"},
				"down": {"uv": [10.75, 13.5, 10.5, 13.875], "texture": "#0"}
			}
		},
		{
			"from": [12.5, 3.5, 13.4],
			"to": [13.3, 4.3, 13.8],
			"rotation": {"angle": 0, "axis": "y", "origin": [13.4, 3.5, 13.1]},
			"faces": {
				"north": {"uv": [12.5, 1, 12.875, 1.375], "texture": "#0"},
				"east": {"uv": [13.5, 10.5, 13.75, 10.875], "texture": "#0"},
				"south": {"uv": [12.5, 1.5, 12.875, 1.875], "texture": "#0"},
				"west": {"uv": [11, 13.5, 11.25, 13.875], "texture": "#0"},
				"up": {"uv": [13.875, 11.25, 13.5, 11], "texture": "#0"},
				"down": {"uv": [11.875, 13.5, 11.5, 13.75], "texture": "#0"}
			}
		},
		{
			"from": [2.1, 3.5, 13.3],
			"to": [2.7, 5.1, 13.9],
			"rotation": {"angle": 0, "axis": "y", "origin": [2.9, 3.5, 13.1]},
			"faces": {
				"north": {"uv": [9, 12, 9.25, 12.75], "texture": "#0"},
				"east": {"uv": [12, 9, 12.25, 9.75], "texture": "#0"},
				"south": {"uv": [9.5, 12, 9.75, 12.75], "texture": "#0"},
				"west": {"uv": [10, 12, 10.25, 12.75], "texture": "#0"},
				"up": {"uv": [10.75, 14.25, 10.5, 14], "texture": "#0"},
				"down": {"uv": [14.25, 10.5, 14, 10.75], "texture": "#0"}
			}
		},
		{
			"from": [2.7, 3.5, 13.4],
			"to": [3.5, 4.3, 13.8],
			"rotation": {"angle": 0, "axis": "y", "origin": [3.6, 3.5, 13.1]},
			"faces": {
				"north": {"uv": [2, 12.5, 2.375, 12.875], "texture": "#0"},
				"east": {"uv": [13.5, 11.5, 13.75, 11.875], "texture": "#0"},
				"south": {"uv": [12.5, 2, 12.875, 2.375], "texture": "#0"},
				"west": {"uv": [12, 13.5, 12.25, 13.875], "texture": "#0"},
				"up": {"uv": [13.875, 12.25, 13.5, 12], "texture": "#0"},
				"down": {"uv": [12.875, 13.5, 12.5, 13.75], "texture": "#0"}
			}
		},
		{
			"from": [2.2, 3.5, 12.5],
			"to": [2.6, 4.3, 13.3],
			"rotation": {"angle": 0, "axis": "y", "origin": [1.9, 3.5, 12.4]},
			"faces": {
				"north": {"uv": [13.5, 12.5, 13.75, 12.875], "texture": "#0"},
				"east": {"uv": [2.5, 12.5, 2.875, 12.875], "texture": "#0"},
				"south": {"uv": [13, 13.5, 13.25, 13.875], "texture": "#0"},
				"west": {"uv": [12.5, 2.5, 12.875, 2.875], "texture": "#0"},
				"up": {"uv": [13.75, 13.375, 13.5, 13], "texture": "#0"},
				"down": {"uv": [13.75, 13.5, 13.5, 13.875], "texture": "#0"}
			}
		},
		{
			"from": [6.9, 3.5, 2.1],
			"to": [9.1, 4.2, 2.7],
			"rotation": {"angle": 0, "axis": "y", "origin": [6.9, 3.5, 2]},
			"faces": {
				"north": {"uv": [6, 9, 7.125, 9.375], "texture": "#0"},
				"east": {"uv": [14, 0, 14.25, 0.375], "texture": "#0"},
				"south": {"uv": [7.5, 9, 8.625, 9.375], "texture": "#0"},
				"west": {"uv": [14, 0.5, 14.25, 0.875], "texture": "#0"},
				"up": {"uv": [11.625, 9.25, 10.5, 9], "texture": "#0"},
				"down": {"uv": [11.625, 9.5, 10.5, 9.75], "texture": "#0"}
			}
		},
		{
			"from": [6.9, 4.9, 2.3],
			"to": [7.6, 5.6, 2.5],
			"rotation": {"angle": 0, "axis": "y", "origin": [6.9, 4.9, 2]},
			"faces": {
				"north": {"uv": [3, 12.5, 3.375, 12.875], "texture": "#0"},
				"east": {"uv": [13, 14, 13.125, 14.375], "texture": "#0"},
				"south": {"uv": [12.5, 3, 12.875, 3.375], "texture": "#0"},
				"west": {"uv": [14, 13, 14.125, 13.375], "texture": "#0"},
				"up": {"uv": [13.875, 14.125, 13.5, 14], "texture": "#0"},
				"down": {"uv": [14.375, 13.5, 14, 13.625], "texture": "#0"}
			}
		},
		{
			"from": [8.4, 4.9, 2.3],
			"to": [9.1, 5.6, 2.5],
			"rotation": {"angle": 0, "axis": "y", "origin": [8.4, 4.9, 2]},
			"faces": {
				"north": {"uv": [3.5, 12.5, 3.875, 12.875], "texture": "#0"},
				"east": {"uv": [14, 14, 14.125, 14.375], "texture": "#0"},
				"south": {"uv": [12.5, 3.5, 12.875, 3.875], "texture": "#0"},
				"west": {"uv": [0, 14.5, 0.125, 14.875], "texture": "#0"},
				"up": {"uv": [14.875, 0.125, 14.5, 0], "texture": "#0"},
				"down": {"uv": [0.875, 14.5, 0.5, 14.625], "texture": "#0"}
			}
		},
		{
			"from": [7.6, 4.2, 2.2],
			"to": [8.4, 6.2, 2.6],
			"rotation": {"angle": 0, "axis": "z", "origin": [8.4, 4.2, 2]},
			"faces": {
				"north": {"uv": [9, 10, 9.375, 11], "texture": "#0"},
				"east": {"uv": [3.5, 11, 3.75, 12], "texture": "#0"},
				"south": {"uv": [9.5, 10, 9.875, 11], "texture": "#0"},
				"west": {"uv": [4, 11, 4.25, 12], "texture": "#0"},
				"up": {"uv": [14.375, 1.25, 14, 1], "texture": "#0"},
				"down": {"uv": [14.375, 1.5, 14, 1.75], "texture": "#0"}
			}
		},
		{
			"from": [6.9, 3.5, 13.35],
			"to": [9.1, 4.2, 13.95],
			"rotation": {"angle": 0, "axis": "y", "origin": [6.9, 3.5, 13.2]},
			"faces": {
				"north": {"uv": [9, 9, 10.125, 9.375], "texture": "#0"},
				"east": {"uv": [2, 14, 2.25, 14.375], "texture": "#0"},
				"south": {"uv": [6, 9.5, 7.125, 9.875], "texture": "#0"},
				"west": {"uv": [14, 2, 14.25, 2.375], "texture": "#0"},
				"up": {"uv": [11.625, 10.25, 10.5, 10], "texture": "#0"},
				"down": {"uv": [11.625, 10.5, 10.5, 10.75], "texture": "#0"}
			}
		},
		{
			"from": [6.9, 4.9, 13.55],
			"to": [7.6, 5.6, 13.75],
			"rotation": {"angle": 0, "axis": "y", "origin": [6.9, 4.9, 13.4]},
			"faces": {
				"north": {"uv": [4, 12.5, 4.375, 12.875], "texture": "#0"},
				"east": {"uv": [14.5, 0.5, 14.625, 0.875], "texture": "#0"},
				"south": {"uv": [12.5, 4, 12.875, 4.375], "texture": "#0"},
				"west": {"uv": [1, 14.5, 1.125, 14.875], "texture": "#0"},
				"up": {"uv": [14.875, 1.125, 14.5, 1], "texture": "#0"},
				"down": {"uv": [1.875, 14.5, 1.5, 14.625], "texture": "#0"}
			}
		},
		{
			"from": [8.4, 4.9, 13.55],
			"to": [9.1, 5.6, 13.75],
			"rotation": {"angle": 0, "axis": "y", "origin": [8.4, 4.9, 13.4]},
			"faces": {
				"north": {"uv": [4.5, 12.5, 4.875, 12.875], "texture": "#0"},
				"east": {"uv": [14.5, 1.5, 14.625, 1.875], "texture": "#0"},
				"south": {"uv": [12.5, 4.5, 12.875, 4.875], "texture": "#0"},
				"west": {"uv": [2, 14.5, 2.125, 14.875], "texture": "#0"},
				"up": {"uv": [14.875, 2.125, 14.5, 2], "texture": "#0"},
				"down": {"uv": [2.875, 14.5, 2.5, 14.625], "texture": "#0"}
			}
		},
		{
			"from": [7.6, 4.2, 13.45],
			"to": [8.4, 6.2, 13.85],
			"rotation": {"angle": 0, "axis": "y", "origin": [8.4, 4.2, 13.3]},
			"faces": {
				"north": {"uv": [10, 10, 10.375, 11], "texture": "#0"},
				"east": {"uv": [4.5, 11, 4.75, 12], "texture": "#0"},
				"south": {"uv": [6, 10.5, 6.375, 11.5], "texture": "#0"},
				"west": {"uv": [5, 11, 5.25, 12], "texture": "#0"},
				"up": {"uv": [2.875, 14.25, 2.5, 14], "texture": "#0"},
				"down": {"uv": [14.375, 2.5, 14, 2.75], "texture": "#0"}
			}
		},
		{
			"from": [13.4, 3.5, 6.9],
			"to": [14, 4.2, 9.1],
			"rotation": {"angle": 0, "axis": "y", "origin": [13.7, 4.55, 8]},
			"faces": {
				"north": {"uv": [3, 14, 3.25, 14.375], "texture": "#0"},
				"east": {"uv": [7.5, 9.5, 8.625, 9.875], "texture": "#0"},
				"south": {"uv": [14, 3, 14.25, 3.375], "texture": "#0"},
				"west": {"uv": [9, 9.5, 10.125, 9.875], "texture": "#0"},
				"up": {"uv": [8.75, 11.625, 8.5, 10.5], "texture": "#0"},
				"down": {"uv": [2.25, 11, 2, 12.125], "texture": "#0"}
			}
		},
		{
			"from": [13.6, 4.9, 8.4],
			"to": [13.8, 5.6, 9.1],
			"rotation": {"angle": 0, "axis": "y", "origin": [13.7, 4.55, 8]},
			"faces": {
				"north": {"uv": [14.5, 2.5, 14.625, 2.875], "texture": "#0"},
				"east": {"uv": [12.5, 5, 12.875, 5.375], "texture": "#0"},
				"south": {"uv": [3, 14.5, 3.125, 14.875], "texture": "#0"},
				"west": {"uv": [12.5, 5.5, 12.875, 5.875], "texture": "#0"},
				"up": {"uv": [14.625, 3.375, 14.5, 3], "texture": "#0"},
				"down": {"uv": [3.625, 14.5, 3.5, 14.875], "texture": "#0"}
			}
		},
		{
			"from": [13.6, 4.9, 6.9],
			"to": [13.8, 5.6, 7.6],
			"rotation": {"angle": 0, "axis": "y", "origin": [13.7, 4.55, 8]},
			"faces": {
				"north": {"uv": [14.5, 3.5, 14.625, 3.875], "texture": "#0"},
				"east": {"uv": [12.5, 6, 12.875, 6.375], "texture": "#0"},
				"south": {"uv": [4, 14.5, 4.125, 14.875], "texture": "#0"},
				"west": {"uv": [12.5, 6.5, 12.875, 6.875], "texture": "#0"},
				"up": {"uv": [14.625, 4.375, 14.5, 4], "texture": "#0"},
				"down": {"uv": [4.625, 14.5, 4.5, 14.875], "texture": "#0"}
			}
		},
		{
			"from": [13.5, 4.2, 7.6],
			"to": [13.9, 6.2, 8.4],
			"rotation": {"angle": 0, "axis": "y", "origin": [13.7, 4.55, 8]},
			"faces": {
				"north": {"uv": [5.5, 11, 5.75, 12], "texture": "#0"},
				"east": {"uv": [6.5, 10.5, 6.875, 11.5], "texture": "#0"},
				"south": {"uv": [9, 11, 9.25, 12], "texture": "#0"},
				"west": {"uv": [7, 10.5, 7.375, 11.5], "texture": "#0"},
				"up": {"uv": [3.75, 14.375, 3.5, 14], "texture": "#0"},
				"down": {"uv": [14.25, 3.5, 14, 3.875], "texture": "#0"}
			}
		},
		{
			"from": [2.05, 3.5, 6.9],
			"to": [2.65, 4.2, 9.1],
			"rotation": {"angle": 0, "axis": "y", "origin": [2.4, 4.55, 8]},
			"faces": {
				"north": {"uv": [4, 14, 4.25, 14.375], "texture": "#0"},
				"east": {"uv": [6, 10, 7.125, 10.375], "texture": "#0"},
				"south": {"uv": [14, 4, 14.25, 4.375], "texture": "#0"},
				"west": {"uv": [7.5, 10, 8.625, 10.375], "texture": "#0"},
				"up": {"uv": [2.75, 12.125, 2.5, 11], "texture": "#0"},
				"down": {"uv": [3.25, 11, 3, 12.125], "texture": "#0"}
			}
		},
		{
			"from": [2.25, 4.9, 8.4],
			"to": [2.45, 5.6, 9.1],
			"rotation": {"angle": 0, "axis": "y", "origin": [2.6, 4.55, 8]},
			"faces": {
				"north": {"uv": [14.5, 4.5, 14.625, 4.875], "texture": "#0"},
				"east": {"uv": [12.5, 7, 12.875, 7.375], "texture": "#0"},
				"south": {"uv": [5, 14.5, 5.125, 14.875], "texture": "#0"},
				"west": {"uv": [12.5, 7.5, 12.875, 7.875], "texture": "#0"},
				"up": {"uv": [14.625, 5.375, 14.5, 5], "texture": "#0"},
				"down": {"uv": [5.625, 14.5, 5.5, 14.875], "texture": "#0"}
			}
		},
		{
			"from": [2.25, 4.9, 6.9],
			"to": [2.45, 5.6, 7.6],
			"rotation": {"angle": 0, "axis": "y", "origin": [2.6, 4.55, 8]},
			"faces": {
				"north": {"uv": [14.5, 5.5, 14.625, 5.875], "texture": "#0"},
				"east": {"uv": [12.5, 8, 12.875, 8.375], "texture": "#0"},
				"south": {"uv": [6, 14.5, 6.125, 14.875], "texture": "#0"},
				"west": {"uv": [12.5, 8.5, 12.875, 8.875], "texture": "#0"},
				"up": {"uv": [14.625, 6.375, 14.5, 6], "texture": "#0"},
				"down": {"uv": [6.625, 14.5, 6.5, 14.875], "texture": "#0"}
			}
		},
		{
			"from": [2.15, 4.2, 7.6],
			"to": [2.55, 6.2, 8.4],
			"rotation": {"angle": 0, "axis": "y", "origin": [2.5, 4.55, 8]},
			"faces": {
				"north": {"uv": [9.5, 11, 9.75, 12], "texture": "#0"},
				"east": {"uv": [7.5, 10.5, 7.875, 11.5], "texture": "#0"},
				"south": {"uv": [10, 11, 10.25, 12], "texture": "#0"},
				"west": {"uv": [8, 10.5, 8.375, 11.5], "texture": "#0"},
				"up": {"uv": [4.75, 14.375, 4.5, 14], "texture": "#0"},
				"down": {"uv": [14.25, 4.5, 14, 4.875], "texture": "#0"}
			}
		},
		{
			"from": [7.5, 1.25, 1.6],
			"to": [8.5, 2.25, 2],
			"rotation": {"angle": 0, "axis": "y", "origin": [7.5, 1, 1]},
			"faces": {
				"north": {"uv": [10.5, 11, 11, 11.5], "texture": "#0"},
				"east": {"uv": [12.5, 9, 12.75, 9.5], "texture": "#0"},
				"south": {"uv": [11, 11, 11.5, 11.5], "texture": "#0"},
				"west": {"uv": [12.5, 9.5, 12.75, 10], "texture": "#0"},
				"up": {"uv": [13, 10.25, 12.5, 10], "texture": "#0"},
				"down": {"uv": [11, 12.5, 10.5, 12.75], "texture": "#0"}
			}
		},
		{
			"from": [4.5, 1.25, 1.6],
			"to": [5.5, 2.25, 2],
			"rotation": {"angle": 0, "axis": "y", "origin": [4.5, 1, 1]},
			"faces": {
				"north": {"uv": [11.5, 0, 12, 0.5], "texture": "#0"},
				"east": {"uv": [12.5, 10.5, 12.75, 11], "texture": "#0"},
				"south": {"uv": [11.5, 0.5, 12, 1], "texture": "#0"},
				"west": {"uv": [11, 12.5, 11.25, 13], "texture": "#0"},
				"up": {"uv": [13, 11.25, 12.5, 11], "texture": "#0"},
				"down": {"uv": [12, 12.5, 11.5, 12.75], "texture": "#0"}
			}
		},
		{
			"from": [2, 1.25, 1.6],
			"to": [3, 2.25, 2],
			"rotation": {"angle": 0, "axis": "y", "origin": [2, 1, 1]},
			"faces": {
				"north": {"uv": [11.5, 1, 12, 1.5], "texture": "#0"},
				"east": {"uv": [12.5, 11.5, 12.75, 12], "texture": "#0"},
				"south": {"uv": [11.5, 1.5, 12, 2], "texture": "#0"},
				"west": {"uv": [12, 12.5, 12.25, 13], "texture": "#0"},
				"up": {"uv": [13, 12.25, 12.5, 12], "texture": "#0"},
				"down": {"uv": [13, 12.5, 12.5, 12.75], "texture": "#0"}
			}
		},
		{
			"from": [10.5, 1.25, 1.6],
			"to": [11.5, 2.25, 2],
			"rotation": {"angle": 0, "axis": "y", "origin": [10.5, 1, 1]},
			"faces": {
				"north": {"uv": [11.5, 2, 12, 2.5], "texture": "#0"},
				"east": {"uv": [13, 0, 13.25, 0.5], "texture": "#0"},
				"south": {"uv": [11.5, 2.5, 12, 3], "texture": "#0"},
				"west": {"uv": [13, 0.5, 13.25, 1], "texture": "#0"},
				"up": {"uv": [13.5, 1.25, 13, 1], "texture": "#0"},
				"down": {"uv": [13.5, 1.5, 13, 1.75], "texture": "#0"}
			}
		},
		{
			"from": [13, 1.25, 1.6],
			"to": [14, 2.25, 2],
			"rotation": {"angle": 0, "axis": "y", "origin": [13, 1, 1]},
			"faces": {
				"north": {"uv": [11.5, 3, 12, 3.5], "texture": "#0"},
				"east": {"uv": [2, 13, 2.25, 13.5], "texture": "#0"},
				"south": {"uv": [11.5, 3.5, 12, 4], "texture": "#0"},
				"west": {"uv": [13, 2, 13.25, 2.5], "texture": "#0"},
				"up": {"uv": [3, 13.25, 2.5, 13], "texture": "#0"},
				"down": {"uv": [13.5, 2.5, 13, 2.75], "texture": "#0"}
			}
		},
		{
			"from": [1.6, 1.35, 1.6],
			"to": [2, 2.15, 2],
			"rotation": {"angle": 0, "axis": "y", "origin": [1, 1, 1]},
			"faces": {
				"north": {"uv": [5, 14, 5.25, 14.375], "texture": "#0"},
				"east": {"uv": [14, 5, 14.25, 5.375], "texture": "#0"},
				"south": {"uv": [5.5, 14, 5.75, 14.375], "texture": "#0"},
				"west": {"uv": [14, 5.5, 14.25, 5.875], "texture": "#0"},
				"up": {"uv": [11.25, 14.25, 11, 14], "texture": "#0"},
				"down": {"uv": [14.25, 11, 14, 11.25], "texture": "#0"}
			}
		},
		{
			"from": [7.5, 1.25, 14],
			"to": [8.5, 2.25, 14.4],
			"rotation": {"angle": 0, "axis": "y", "origin": [8, 1.75, 14.2]},
			"faces": {
				"north": {"uv": [11.5, 4, 12, 4.5], "texture": "#0"},
				"east": {"uv": [3, 13, 3.25, 13.5], "texture": "#0"},
				"south": {"uv": [11.5, 4.5, 12, 5], "texture": "#0"},
				"west": {"uv": [13, 3, 13.25, 3.5], "texture": "#0"},
				"up": {"uv": [4, 13.25, 3.5, 13], "texture": "#0"},
				"down": {"uv": [13.5, 3.5, 13, 3.75], "texture": "#0"}
			}
		},
		{
			"from": [10.5, 1.25, 14],
			"to": [11.5, 2.25, 14.4],
			"rotation": {"angle": 0, "axis": "y", "origin": [8, 1.75, 14.2]},
			"faces": {
				"north": {"uv": [11.5, 5, 12, 5.5], "texture": "#0"},
				"east": {"uv": [4, 13, 4.25, 13.5], "texture": "#0"},
				"south": {"uv": [11.5, 5.5, 12, 6], "texture": "#0"},
				"west": {"uv": [13, 4, 13.25, 4.5], "texture": "#0"},
				"up": {"uv": [5, 13.25, 4.5, 13], "texture": "#0"},
				"down": {"uv": [13.5, 4.5, 13, 4.75], "texture": "#0"}
			}
		},
		{
			"from": [13, 1.25, 14],
			"to": [14, 2.25, 14.4],
			"rotation": {"angle": 0, "axis": "y", "origin": [8, 1.75, 14.2]},
			"faces": {
				"north": {"uv": [6, 11.5, 6.5, 12], "texture": "#0"},
				"east": {"uv": [5, 13, 5.25, 13.5], "texture": "#0"},
				"south": {"uv": [11.5, 6, 12, 6.5], "texture": "#0"},
				"west": {"uv": [13, 5, 13.25, 5.5], "texture": "#0"},
				"up": {"uv": [6, 13.25, 5.5, 13], "texture": "#0"},
				"down": {"uv": [13.5, 5.5, 13, 5.75], "texture": "#0"}
			}
		},
		{
			"from": [4.5, 1.25, 14],
			"to": [5.5, 2.25, 14.4],
			"rotation": {"angle": 0, "axis": "y", "origin": [8, 1.75, 14.2]},
			"faces": {
				"north": {"uv": [6.5, 11.5, 7, 12], "texture": "#0"},
				"east": {"uv": [6, 13, 6.25, 13.5], "texture": "#0"},
				"south": {"uv": [11.5, 6.5, 12, 7], "texture": "#0"},
				"west": {"uv": [13, 6, 13.25, 6.5], "texture": "#0"},
				"up": {"uv": [7, 13.25, 6.5, 13], "texture": "#0"},
				"down": {"uv": [13.5, 6.5, 13, 6.75], "texture": "#0"}
			}
		},
		{
			"from": [2, 1.25, 14],
			"to": [3, 2.25, 14.4],
			"rotation": {"angle": 0, "axis": "y", "origin": [8, 1.75, 14.2]},
			"faces": {
				"north": {"uv": [7, 11.5, 7.5, 12], "texture": "#0"},
				"east": {"uv": [7, 13, 7.25, 13.5], "texture": "#0"},
				"south": {"uv": [11.5, 7, 12, 7.5], "texture": "#0"},
				"west": {"uv": [13, 7, 13.25, 7.5], "texture": "#0"},
				"up": {"uv": [8, 13.25, 7.5, 13], "texture": "#0"},
				"down": {"uv": [13.5, 7.5, 13, 7.75], "texture": "#0"}
			}
		},
		{
			"from": [14, 1.35, 14],
			"to": [14.4, 2.15, 14.4],
			"rotation": {"angle": 0, "axis": "y", "origin": [14.2, 1.75, 14.2]},
			"faces": {
				"north": {"uv": [6, 14, 6.25, 14.375], "texture": "#0"},
				"east": {"uv": [14, 6, 14.25, 6.375], "texture": "#0"},
				"south": {"uv": [6.5, 14, 6.75, 14.375], "texture": "#0"},
				"west": {"uv": [14, 6.5, 14.25, 6.875], "texture": "#0"},
				"up": {"uv": [11.75, 14.25, 11.5, 14], "texture": "#0"},
				"down": {"uv": [14.25, 11.5, 14, 11.75], "texture": "#0"}
			}
		},
		{
			"from": [1.6, 1.25, 7.5],
			"to": [2, 2.25, 8.5],
			"rotation": {"angle": 0, "axis": "y", "origin": [1.8, 1.75, 8]},
			"faces": {
				"north": {"uv": [8, 13, 8.25, 13.5], "texture": "#0"},
				"east": {"uv": [7.5, 11.5, 8, 12], "texture": "#0"},
				"south": {"uv": [13, 8, 13.25, 8.5], "texture": "#0"},
				"west": {"uv": [11.5, 7.5, 12, 8], "texture": "#0"},
				"up": {"uv": [8.75, 13.5, 8.5, 13], "texture": "#0"},
				"down": {"uv": [13.25, 8.5, 13, 9], "texture": "#0"}
			}
		},
		{
			"from": [1.6, 1.25, 10.5],
			"to": [2, 2.25, 11.5],
			"rotation": {"angle": 0, "axis": "y", "origin": [1.8, 1.75, 8]},
			"faces": {
				"north": {"uv": [9, 13, 9.25, 13.5], "texture": "#0"},
				"east": {"uv": [8, 11.5, 8.5, 12], "texture": "#0"},
				"south": {"uv": [13, 9, 13.25, 9.5], "texture": "#0"},
				"west": {"uv": [10.5, 11.5, 11, 12], "texture": "#0"},
				"up": {"uv": [9.75, 13.5, 9.5, 13], "texture": "#0"},
				"down": {"uv": [13.25, 9.5, 13, 10], "texture": "#0"}
			}
		},
		{
			"from": [1.6, 1.25, 13],
			"to": [2, 2.25, 14],
			"rotation": {"angle": 0, "axis": "y", "origin": [1.8, 1.75, 8]},
			"faces": {
				"north": {"uv": [10, 13, 10.25, 13.5], "texture": "#0"},
				"east": {"uv": [11, 11.5, 11.5, 12], "texture": "#0"},
				"south": {"uv": [13, 10, 13.25, 10.5], "texture": "#0"},
				"west": {"uv": [11.5, 11, 12, 11.5], "texture": "#0"},
				"up": {"uv": [10.75, 13.5, 10.5, 13], "texture": "#0"},
				"down": {"uv": [13.25, 10.5, 13, 11], "texture": "#0"}
			}
		},
		{
			"from": [1.6, 1.25, 4.5],
			"to": [2, 2.25, 5.5],
			"rotation": {"angle": 0, "axis": "y", "origin": [1.8, 1.75, 8]},
			"faces": {
				"north": {"uv": [11, 13, 11.25, 13.5], "texture": "#0"},
				"east": {"uv": [11.5, 11.5, 12, 12], "texture": "#0"},
				"south": {"uv": [13, 11, 13.25, 11.5], "texture": "#0"},
				"west": {"uv": [12, 0, 12.5, 0.5], "texture": "#0"},
				"up": {"uv": [11.75, 13.5, 11.5, 13], "texture": "#0"},
				"down": {"uv": [13.25, 11.5, 13, 12], "texture": "#0"}
			}
		},
		{
			"from": [1.6, 1.25, 2],
			"to": [2, 2.25, 3],
			"rotation": {"angle": 0, "axis": "y", "origin": [1.8, 1.75, 8]},
			"faces": {
				"north": {"uv": [12, 13, 12.25, 13.5], "texture": "#0"},
				"east": {"uv": [12, 0.5, 12.5, 1], "texture": "#0"},
				"south": {"uv": [13, 12, 13.25, 12.5], "texture": "#0"},
				"west": {"uv": [12, 1, 12.5, 1.5], "texture": "#0"},
				"up": {"uv": [12.75, 13.5, 12.5, 13], "texture": "#0"},
				"down": {"uv": [13.25, 12.5, 13, 13], "texture": "#0"}
			}
		},
		{
			"from": [1.6, 1.35, 14],
			"to": [2, 2.15, 14.4],
			"rotation": {"angle": 0, "axis": "y", "origin": [1.8, 1.75, 14.2]},
			"faces": {
				"north": {"uv": [7, 14, 7.25, 14.375], "texture": "#0"},
				"east": {"uv": [14, 7, 14.25, 7.375], "texture": "#0"},
				"south": {"uv": [7.5, 14, 7.75, 14.375], "texture": "#0"},
				"west": {"uv": [14, 7.5, 14.25, 7.875], "texture": "#0"},
				"up": {"uv": [12.25, 14.25, 12, 14], "texture": "#0"},
				"down": {"uv": [14.25, 12, 14, 12.25], "texture": "#0"}
			}
		},
		{
			"from": [14, 1.25, 7.5],
			"to": [14.4, 2.25, 8.5],
			"rotation": {"angle": 0, "axis": "y", "origin": [14.2, 1.75, 8]},
			"faces": {
				"north": {"uv": [13, 13, 13.25, 13.5], "texture": "#0"},
				"east": {"uv": [12, 1.5, 12.5, 2], "texture": "#0"},
				"south": {"uv": [13.5, 0, 13.75, 0.5], "texture": "#0"},
				"west": {"uv": [12, 2, 12.5, 2.5], "texture": "#0"},
				"up": {"uv": [13.75, 1, 13.5, 0.5], "texture": "#0"},
				"down": {"uv": [13.75, 1, 13.5, 1.5], "texture": "#0"}
			}
		},
		{
			"from": [14, 1.25, 4.5],
			"to": [14.4, 2.25, 5.5],
			"rotation": {"angle": 0, "axis": "y", "origin": [14.2, 1.75, 8]},
			"faces": {
				"north": {"uv": [13.5, 1.5, 13.75, 2], "texture": "#0"},
				"east": {"uv": [12, 2.5, 12.5, 3], "texture": "#0"},
				"south": {"uv": [2, 13.5, 2.25, 14], "texture": "#0"},
				"west": {"uv": [12, 3, 12.5, 3.5], "texture": "#0"},
				"up": {"uv": [13.75, 2.5, 13.5, 2], "texture": "#0"},
				"down": {"uv": [2.75, 13.5, 2.5, 14], "texture": "#0"}
			}
		},
		{
			"from": [14, 1.25, 2],
			"to": [14.4, 2.25, 3],
			"rotation": {"angle": 0, "axis": "y", "origin": [14.2, 1.75, 8]},
			"faces": {
				"north": {"uv": [13.5, 2.5, 13.75, 3], "texture": "#0"},
				"east": {"uv": [3.5, 12, 4, 12.5], "texture": "#0"},
				"south": {"uv": [3, 13.5, 3.25, 14], "texture": "#0"},
				"west": {"uv": [12, 3.5, 12.5, 4], "texture": "#0"},
				"up": {"uv": [13.75, 3.5, 13.5, 3], "texture": "#0"},
				"down": {"uv": [3.75, 13.5, 3.5, 14], "texture": "#0"}
			}
		},
		{
			"from": [14, 1.25, 10.5],
			"to": [14.4, 2.25, 11.5],
			"rotation": {"angle": 0, "axis": "y", "origin": [14.2, 1.75, 8]},
			"faces": {
				"north": {"uv": [13.5, 3.5, 13.75, 4], "texture": "#0"},
				"east": {"uv": [4, 12, 4.5, 12.5], "texture": "#0"},
				"south": {"uv": [4, 13.5, 4.25, 14], "texture": "#0"},
				"west": {"uv": [12, 4, 12.5, 4.5], "texture": "#0"},
				"up": {"uv": [13.75, 4.5, 13.5, 4], "texture": "#0"},
				"down": {"uv": [4.75, 13.5, 4.5, 14], "texture": "#0"}
			}
		},
		{
			"from": [14, 1.25, 13],
			"to": [14.4, 2.25, 14],
			"rotation": {"angle": 0, "axis": "y", "origin": [14.2, 1.75, 8]},
			"faces": {
				"north": {"uv": [13.5, 4.5, 13.75, 5], "texture": "#0"},
				"east": {"uv": [4.5, 12, 5, 12.5], "texture": "#0"},
				"south": {"uv": [5, 13.5, 5.25, 14], "texture": "#0"},
				"west": {"uv": [12, 4.5, 12.5, 5], "texture": "#0"},
				"up": {"uv": [13.75, 5.5, 13.5, 5], "texture": "#0"},
				"down": {"uv": [5.75, 13.5, 5.5, 14], "texture": "#0"}
			}
		},
		{
			"from": [14, 1.35, 1.6],
			"to": [14.4, 2.15, 2],
			"rotation": {"angle": 0, "axis": "y", "origin": [14.2, 1.75, 1.8]},
			"faces": {
				"north": {"uv": [8, 14, 8.25, 14.375], "texture": "#0"},
				"east": {"uv": [14, 8, 14.25, 8.375], "texture": "#0"},
				"south": {"uv": [8.5, 14, 8.75, 14.375], "texture": "#0"},
				"west": {"uv": [14, 8.5, 14.25, 8.875], "texture": "#0"},
				"up": {"uv": [12.75, 14.25, 12.5, 14], "texture": "#0"},
				"down": {"uv": [14.25, 12.5, 14, 12.75], "texture": "#0"}
			}
		}
	],
	"display": {
		"thirdperson_righthand": {
			"translation": [0, 3.5, 0],
			"scale": [0.45, 0.45, 0.45]
		},
		"thirdperson_lefthand": {
			"translation": [0, 3.5, 0],
			"scale": [0.45, 0.45, 0.45]
		},
		"firstperson_righthand": {
			"translation": [0, -4.25, 0]
		},
		"firstperson_lefthand": {
			"translation": [0, -3.25, 0]
		},
		"ground": {
			"translation": [0, 4.75, 0]
		},
		"gui": {
			"rotation": [30, -30, 0],
			"translation": [0, 3.5, 0],
			"scale": [0.81, 0.81, 0.81]
		},
		"head": {
			"translation": [0, 14.25, 0]
		},
		"fixed": {
			"translation": [0, 0, 2.25]
		}
	},
	"groups": [
		{
			"name": "group",
			"origin": [8, 8, 8],
			"color": 0,
			"children": [0, 1, 2, 3]
		},
		{
			"name": "group",
			"origin": [13.25, 0, 9.75],
			"color": 0,
			"children": [4, 5, 6]
		},
		{
			"name": "group",
			"origin": [13.25, 0, 9.75],
			"color": 0,
			"children": [7, 8, 9]
		},
		{
			"name": "group",
			"origin": [13.25, 0, 9.75],
			"color": 0,
			"children": [10, 11, 12]
		},
		{
			"name": "group",
			"origin": [8, 8, 8],
			"color": 0,
			"children": [13, 14, 15]
		},
		{
			"name": "group",
			"origin": [8, 8, 8],
			"color": 0,
			"children": [16, 17, 18, 19]
		},
		{
			"name": "group",
			"origin": [8, 8, 8],
			"color": 0,
			"children": [20, 21, 22, 23]
		},
		{
			"name": "group",
			"origin": [8, 8, 8],
			"color": 0,
			"children": [24, 25, 26, 27]
		},
		{
			"name": "group",
			"origin": [8, 8, 8],
			"color": 0,
			"children": [28, 29, 30, 31]
		},
		{
			"name": "group",
			"origin": [8, 8, 8],
			"color": 0,
			"children": [32, 33, 34, 35, 36, 37]
		},
		{
			"name": "group",
			"origin": [8, 8, 8],
			"color": 0,
			"children": [38, 39, 40, 41, 42, 43]
		},
		{
			"name": "group",
			"origin": [8, 8, 8],
			"color": 0,
			"children": [44, 45, 46, 47, 48, 49]
		},
		{
			"name": "group",
			"origin": [8, 8, 8],
			"color": 0,
			"children": [50, 51, 52, 53, 54, 55]
		}
	]
}