{
	"format_version": "1.21.6",
	"credit": "Made with Blockbench",
	"texture_size": [64, 64],
	"textures": {
		"0": "atrolon:item/hats/farmers_hat"
	},
	"elements": [
		{
			"from": [5, 1.4, 5],
			"to": [11, 3.5, 11],
			"rotation": {"angle": 0, "axis": "y", "origin": [7, 0, 7]},
			"faces": {
				"north": {"uv": [5.5, 1, 7, 1.5], "texture": "#0"},
				"east": {"uv": [5.5, 1.5, 7, 2], "texture": "#0"},
				"south": {"uv": [5.5, 2, 7, 2.5], "texture": "#0"},
				"west": {"uv": [5.5, 2.5, 7, 3], "texture": "#0"},
				"up": {"uv": [5.5, 1.5, 4, 0], "texture": "#0"},
				"down": {"uv": [5.5, 1.5, 4, 3], "texture": "#0"}
			}
		},
		{
			"from": [0, 0, 0],
			"to": [16, 0.5, 16],
			"faces": {
				"north": {"uv": [5.5, 0, 9.5, 0.25], "texture": "#0"},
				"east": {"uv": [5.5, 0.25, 9.5, 0.5], "texture": "#0"},
				"south": {"uv": [5.5, 0.5, 9.5, 0.75], "texture": "#0"},
				"west": {"uv": [5.5, 0.75, 9.5, 1], "texture": "#0"},
				"up": {"uv": [4, 4, 0, 0], "texture": "#0"},
				"down": {"uv": [4, 4, 0, 8], "texture": "#0"}
			}
		},
		{
			"from": [5.2, 0.1, 5.2],
			"to": [10.8, 1.4, 10.8],
			"rotation": {"angle": 0, "axis": "y", "origin": [7, 0, 7]},
			"faces": {
				"north": {"uv": [5.5, 3, 7, 3.25], "texture": "#0"},
				"east": {"uv": [5.5, 3.25, 7, 3.5], "texture": "#0"},
				"south": {"uv": [5.5, 3.5, 7, 3.75], "texture": "#0"},
				"west": {"uv": [5.5, 3.75, 7, 4], "texture": "#0"},
				"up": {"uv": [5.5, 4.5, 4, 3], "texture": "#0"},
				"down": {"uv": [5.5, 4.5, 4, 6], "texture": "#0"}
			}
		}
	],
	"display": {
		"head": {
			"translation": [0, 14, 0]
		}
	},
	"groups": [
		{
			"name": "group",
			"origin": [7, 0, 7],
			"color": 0,
			"children": [0, 1, 2]
		}
	]
}