{
	"credit": "Made with Blockbench",
	"textures": {
		"0": "atrolon:item/hats/horns"
	},
	"elements": [
		{
			"from": [8, 0, 4],
			"to": [10, 3, 6],
			"rotation": {"angle": -22.5, "axis": "z", "origin": [8, 0, 4]},
			"faces": {
				"north": {"uv": [0, 0, 2, 3], "texture": "#0"},
				"east": {"uv": [2, 0, 4, 3], "texture": "#0"},
				"south": {"uv": [0, 3, 2, 6], "texture": "#0"},
				"west": {"uv": [2, 3, 4, 6], "texture": "#0"},
				"up": {"uv": [6, 2, 4, 0], "texture": "#0"},
				"down": {"uv": [6, 2, 4, 4], "texture": "#0"}
			}
		},
		{
			"from": [9, 2, 4.025],
			"to": [10.95, 4, 5.975],
			"rotation": {"angle": 0, "axis": "y", "origin": [10, 3, 5]},
			"faces": {
				"north": {"uv": [4, 4, 6, 6], "texture": "#0"},
				"east": {"uv": [0, 6, 2, 8], "texture": "#0"},
				"south": {"uv": [6, 0, 8, 2], "texture": "#0"},
				"west": {"uv": [2, 6, 4, 8], "texture": "#0"},
				"up": {"uv": [8, 4, 6, 2], "texture": "#0"},
				"down": {"uv": [6, 6, 4, 8], "texture": "#0"}
			}
		},
		{
			"from": [9.3, 3, 4.125],
			"to": [11.05, 5, 5.875],
			"rotation": {"angle": 22.5, "axis": "z", "origin": [9, 3, 4]},
			"faces": {
				"north": {"uv": [6, 4, 8, 6], "texture": "#0"},
				"east": {"uv": [6, 6, 8, 8], "texture": "#0"},
				"south": {"uv": [0, 8, 2, 10], "texture": "#0"},
				"west": {"uv": [8, 0, 10, 2], "texture": "#0"},
				"up": {"uv": [4, 10, 2, 8], "texture": "#0"},
				"down": {"uv": [10, 2, 8, 4], "texture": "#0"}
			}
		},
		{
			"from": [8.5, 4.5, 4.25],
			"to": [10.5, 5.7, 5.75],
			"rotation": {"angle": -45, "axis": "z", "origin": [10, 6, 5]},
			"faces": {
				"north": {"uv": [6, 8, 8, 9], "texture": "#0"},
				"east": {"uv": [8, 6, 10, 7], "texture": "#0"},
				"south": {"uv": [8, 7, 10, 8], "texture": "#0"},
				"west": {"uv": [8, 8, 10, 9], "texture": "#0"},
				"up": {"uv": [6, 10, 4, 8], "texture": "#0"},
				"down": {"uv": [10, 4, 8, 6], "texture": "#0"}
			}
		},
		{
			"from": [8, 0, 10],
			"to": [10, 3, 12],
			"rotation": {"angle": -22.5, "axis": "z", "origin": [8, 0, 10]},
			"faces": {
				"north": {"uv": [0, 0, 2, 3], "texture": "#0"},
				"east": {"uv": [2, 0, 4, 3], "texture": "#0"},
				"south": {"uv": [0, 3, 2, 6], "texture": "#0"},
				"west": {"uv": [2, 3, 4, 6], "texture": "#0"},
				"up": {"uv": [6, 2, 4, 0], "texture": "#0"},
				"down": {"uv": [6, 2, 4, 4], "texture": "#0"}
			}
		},
		{
			"from": [9, 2, 10.025],
			"to": [10.95, 4, 11.975],
			"rotation": {"angle": 0, "axis": "y", "origin": [10, 3, 11]},
			"faces": {
				"north": {"uv": [4, 4, 6, 6], "texture": "#0"},
				"east": {"uv": [0, 6, 2, 8], "texture": "#0"},
				"south": {"uv": [6, 0, 8, 2], "texture": "#0"},
				"west": {"uv": [2, 6, 4, 8], "texture": "#0"},
				"up": {"uv": [8, 4, 6, 2], "texture": "#0"},
				"down": {"uv": [6, 6, 4, 8], "texture": "#0"}
			}
		},
		{
			"from": [9.3, 3, 10.125],
			"to": [11.05, 5, 11.875],
			"rotation": {"angle": 22.5, "axis": "z", "origin": [9, 3, 10]},
			"faces": {
				"north": {"uv": [6, 4, 8, 6], "texture": "#0"},
				"east": {"uv": [6, 6, 8, 8], "texture": "#0"},
				"south": {"uv": [0, 8, 2, 10], "texture": "#0"},
				"west": {"uv": [8, 0, 10, 2], "texture": "#0"},
				"up": {"uv": [4, 10, 2, 8], "texture": "#0"},
				"down": {"uv": [10, 2, 8, 4], "texture": "#0"}
			}
		},
		{
			"from": [8.5, 4.5, 10.25],
			"to": [10.5, 5.7, 11.75],
			"rotation": {"angle": -45, "axis": "z", "origin": [10, 6, 11]},
			"faces": {
				"north": {"uv": [6, 8, 8, 9], "texture": "#0"},
				"east": {"uv": [8, 6, 10, 7], "texture": "#0"},
				"south": {"uv": [8, 7, 10, 8], "texture": "#0"},
				"west": {"uv": [8, 8, 10, 9], "texture": "#0"},
				"up": {"uv": [6, 10, 4, 8], "texture": "#0"},
				"down": {"uv": [10, 4, 8, 6], "texture": "#0"}
			}
		}
	],
	"display": {
		"thirdperson_righthand": {
			"rotation": [-90, -90, 0],
			"translation": [0, -0.5, -3.25],
			"scale": [0.43, 0.43, 0.43]
		},
		"thirdperson_lefthand": {
			"rotation": [-90, 90, 0],
			"translation": [0, -0.5, -3.25],
			"scale": [0.43, 0.43, 0.43]
		},
		"firstperson_righthand": {
			"rotation": [-90, -70, 0],
			"translation": [0, -0.5, -3.25],
			"scale": [0.77, 0.77, 0.77]
		},
		"firstperson_lefthand": {
			"rotation": [-90, 115, 0],
			"translation": [0, -0.5, -3.25],
			"scale": [0.77, 0.77, 0.77]
		},
		"ground": {
			"translation": [0, 5.25, 0]
		},
		"gui": {
			"rotation": [0, -40, 0],
			"translation": [-1.75, 7.75, 0],
			"scale": [1.63, 1.63, 1.63]
		},
		"head": {
			"rotation": [-45, 90, 0],
			"translation": [0, 11.75, -11.5],
			"scale": [1.22, 1.22, 1.22]
		},
		"fixed": {
			"rotation": [-45, 90, 0],
			"translation": [0, 10, -3.75]
		}
	},
	"groups": [
		{
			"name": "Rog",
			"origin": [7, 0, 4],
			"color": 0,
			"children": [0, 1, 2, 3]
		},
		{
			"name": "Rog",
			"origin": [7, 0, 4],
			"color": 0,
			"children": [4, 5, 6, 7]
		}
	]
}