{
	"format_version": "1.21.6",
	"credit": "Made with Blockbench",
	"texture_size": [32, 32],
	"textures": {
		"1": "atrolon:item/hats/lake"
	},
	"elements": [
		{
			"from": [11.5, 0, 6.75],
			"to": [13.75, 2.25, 8.75],
			"rotation": {"angle": 0, "axis": "y", "origin": [8.75, 1.125, 8.875]},
			"faces": {
				"north": {"uv": [11.5, 13, 12.5, 14], "texture": "#1"},
				"east": {"uv": [13, 12, 14, 13], "texture": "#1"},
				"south": {"uv": [12.5, 13, 13.5, 14], "texture": "#1"},
				"west": {"uv": [0, 13.5, 1, 14.5], "texture": "#1"},
				"up": {"uv": [14.5, 1, 13.5, 0], "texture": "#1"},
				"down": {"uv": [2, 13.5, 1, 14.5], "texture": "#1"}
			}
		},
		{
			"from": [11.5, 0, 8.75],
			"to": [13.5, 1.75, 11.25],
			"rotation": {"angle": 0, "axis": "y", "origin": [8.75, 1.125, 8.875]},
			"faces": {
				"north": {"uv": [13.5, 1, 14.5, 2], "texture": "#1"},
				"east": {"uv": [10.5, 11, 12, 12], "texture": "#1"},
				"south": {"uv": [13.5, 2, 14.5, 3], "texture": "#1"},
				"west": {"uv": [4.5, 11.5, 6, 12.5], "texture": "#1"},
				"up": {"uv": [1, 13.5, 0, 12], "texture": "#1"},
				"down": {"uv": [2, 12, 1, 13.5], "texture": "#1"}
			}
		},
		{
			"from": [11.5, 0, 5],
			"to": [13.5, 2, 7],
			"rotation": {"angle": 0, "axis": "y", "origin": [8.75, 1.125, 8.875]},
			"faces": {
				"north": {"uv": [13.5, 3, 14.5, 4], "texture": "#1"},
				"east": {"uv": [4, 13.5, 5, 14.5], "texture": "#1"},
				"south": {"uv": [13.5, 4, 14.5, 5], "texture": "#1"},
				"west": {"uv": [13.5, 5, 14.5, 6], "texture": "#1"},
				"up": {"uv": [14.5, 14, 13.5, 13], "texture": "#1"},
				"down": {"uv": [3, 14, 2, 15], "texture": "#1"}
			}
		},
		{
			"from": [11.5, 0, 2.75],
			"to": [14.5, 3, 5.75],
			"rotation": {"angle": 0, "axis": "y", "origin": [8.75, 1.125, 8.875]},
			"faces": {
				"north": {"uv": [9, 7.5, 10.5, 9], "texture": "#1"},
				"east": {"uv": [9, 9, 10.5, 10.5], "texture": "#1"},
				"south": {"uv": [9.5, 0, 11, 1.5], "texture": "#1"},
				"west": {"uv": [9.5, 1.5, 11, 3], "texture": "#1"},
				"up": {"uv": [11, 4.5, 9.5, 3], "texture": "#1"},
				"down": {"uv": [11, 4.5, 9.5, 6], "texture": "#1"}
			}
		},
		{
			"from": [11.5, 0, 11],
			"to": [14, 3, 15],
			"rotation": {"angle": 0, "axis": "y", "origin": [8.75, 1.125, 8.875]},
			"faces": {
				"north": {"uv": [6, 9.5, 7.5, 11], "texture": "#1"},
				"east": {"uv": [6, 3, 8, 4.5], "texture": "#1"},
				"south": {"uv": [4.5, 10, 6, 11.5], "texture": "#1"},
				"west": {"uv": [6, 4.5, 8, 6], "texture": "#1"},
				"up": {"uv": [7.5, 8, 6, 6], "texture": "#1"},
				"down": {"uv": [8, 0, 6.5, 2], "texture": "#1"}
			}
		},
		{
			"from": [10.5, 0, 12.25],
			"to": [12.5, 2, 14.25],
			"rotation": {"angle": 0, "axis": "y", "origin": [8.75, 1.125, 8.875]},
			"faces": {
				"north": {"uv": [3, 14, 4, 15], "texture": "#1"},
				"east": {"uv": [5, 14, 6, 15], "texture": "#1"},
				"south": {"uv": [6, 14, 7, 15], "texture": "#1"},
				"west": {"uv": [14, 6, 15, 7], "texture": "#1"},
				"up": {"uv": [8, 15, 7, 14], "texture": "#1"},
				"down": {"uv": [15, 7, 14, 8], "texture": "#1"}
			}
		},
		{
			"from": [7.75, 0, 12.25],
			"to": [10.5, 2.5, 14.75],
			"rotation": {"angle": 0, "axis": "y", "origin": [8.75, 1.125, 8.875]},
			"faces": {
				"north": {"uv": [0, 10.5, 1.5, 12], "texture": "#1"},
				"east": {"uv": [1.5, 10.5, 3, 12], "texture": "#1"},
				"south": {"uv": [3, 10.5, 4.5, 12], "texture": "#1"},
				"west": {"uv": [10.5, 6, 12, 7.5], "texture": "#1"},
				"up": {"uv": [9, 12, 7.5, 10.5], "texture": "#1"},
				"down": {"uv": [12, 7.5, 10.5, 9], "texture": "#1"}
			}
		},
		{
			"from": [5.25, 0, 12.25],
			"to": [8.5, 1.5, 13.75],
			"rotation": {"angle": 0, "axis": "y", "origin": [8.75, 1.125, 8.875]},
			"faces": {
				"north": {"uv": [12, 1, 13.5, 2], "texture": "#1"},
				"east": {"uv": [8, 14, 9, 15], "texture": "#1"},
				"south": {"uv": [2, 12, 3.5, 13], "texture": "#1"},
				"west": {"uv": [14, 8, 15, 9], "texture": "#1"},
				"up": {"uv": [13.5, 3, 12, 2], "texture": "#1"},
				"down": {"uv": [13.5, 3, 12, 4], "texture": "#1"}
			}
		},
		{
			"from": [3.5, 0, 12.25],
			"to": [5.5, 2, 14.25],
			"rotation": {"angle": 0, "axis": "y", "origin": [8.75, 1.125, 8.875]},
			"faces": {
				"north": {"uv": [9, 14, 10, 15], "texture": "#1"},
				"east": {"uv": [10, 14, 11, 15], "texture": "#1"},
				"south": {"uv": [14, 10.5, 15, 11.5], "texture": "#1"},
				"west": {"uv": [11, 14, 12, 15], "texture": "#1"},
				"up": {"uv": [15, 12.5, 14, 11.5], "texture": "#1"},
				"down": {"uv": [13, 14, 12, 15], "texture": "#1"}
			}
		},
		{
			"from": [2.75, 0, 8],
			"to": [5, 2.25, 10],
			"rotation": {"angle": 0, "axis": "z", "origin": [7.75, 1.125, 7.875]},
			"faces": {
				"north": {"uv": [3.5, 12, 4.5, 13], "texture": "#1"},
				"east": {"uv": [6, 12, 7, 13], "texture": "#1"},
				"south": {"uv": [12, 6, 13, 7], "texture": "#1"},
				"west": {"uv": [7, 12, 8, 13], "texture": "#1"},
				"up": {"uv": [13, 8, 12, 7], "texture": "#1"},
				"down": {"uv": [9, 12, 8, 13], "texture": "#1"}
			}
		},
		{
			"from": [3, 0, 5.5],
			"to": [5, 1.75, 8],
			"rotation": {"angle": 0, "axis": "z", "origin": [7.75, 1.125, 7.875]},
			"faces": {
				"north": {"uv": [12, 8, 13, 9], "texture": "#1"},
				"east": {"uv": [6.5, 2, 8, 3], "texture": "#1"},
				"south": {"uv": [9, 12, 10, 13], "texture": "#1"},
				"west": {"uv": [11, 0, 12.5, 1], "texture": "#1"},
				"up": {"uv": [12, 2.5, 11, 1], "texture": "#1"},
				"down": {"uv": [12, 2.5, 11, 4], "texture": "#1"}
			}
		},
		{
			"from": [3, 0, 9.75],
			"to": [5, 2, 11.75],
			"rotation": {"angle": 0, "axis": "z", "origin": [7.75, 1.125, 7.875]},
			"faces": {
				"north": {"uv": [10, 12, 11, 13], "texture": "#1"},
				"east": {"uv": [11, 12, 12, 13], "texture": "#1"},
				"south": {"uv": [12, 11, 13, 12], "texture": "#1"},
				"west": {"uv": [12, 12, 13, 13], "texture": "#1"},
				"up": {"uv": [13.5, 1, 12.5, 0], "texture": "#1"},
				"down": {"uv": [13.5, 4, 12.5, 5], "texture": "#1"}
			}
		},
		{
			"from": [2, 0, 11],
			"to": [5, 3, 14],
			"rotation": {"angle": 0, "axis": "z", "origin": [7.75, 1.125, 7.875]},
			"faces": {
				"north": {"uv": [4.5, 7, 6, 8.5], "texture": "#1"},
				"east": {"uv": [7.5, 6, 9, 7.5], "texture": "#1"},
				"south": {"uv": [7.5, 7.5, 9, 9], "texture": "#1"},
				"west": {"uv": [8, 0, 9.5, 1.5], "texture": "#1"},
				"up": {"uv": [9.5, 3, 8, 1.5], "texture": "#1"},
				"down": {"uv": [9.5, 3, 8, 4.5], "texture": "#1"}
			}
		},
		{
			"from": [2.5, 0, 1.75],
			"to": [5, 3, 5.75],
			"rotation": {"angle": 0, "axis": "z", "origin": [7.75, 1.125, 7.875]},
			"faces": {
				"north": {"uv": [8, 4.5, 9.5, 6], "texture": "#1"},
				"east": {"uv": [4.5, 0, 6.5, 1.5], "texture": "#1"},
				"south": {"uv": [6, 8, 7.5, 9.5], "texture": "#1"},
				"west": {"uv": [4.5, 1.5, 6.5, 3], "texture": "#1"},
				"up": {"uv": [6, 5, 4.5, 3], "texture": "#1"},
				"down": {"uv": [6, 5, 4.5, 7], "texture": "#1"}
			}
		},
		{
			"from": [4, 0, 2.5],
			"to": [6, 2, 4.5],
			"rotation": {"angle": 0, "axis": "y", "origin": [7.75, 1.125, 7.875]},
			"faces": {
				"north": {"uv": [4.5, 12.5, 5.5, 13.5], "texture": "#1"},
				"east": {"uv": [12.5, 5, 13.5, 6], "texture": "#1"},
				"south": {"uv": [2, 13, 3, 14], "texture": "#1"},
				"west": {"uv": [3, 13, 4, 14], "texture": "#1"},
				"up": {"uv": [6.5, 14, 5.5, 13], "texture": "#1"},
				"down": {"uv": [14, 6, 13, 7], "texture": "#1"}
			}
		},
		{
			"from": [6, 0, 2],
			"to": [8.75, 2.5, 4.5],
			"rotation": {"angle": 0, "axis": "y", "origin": [7.75, 1.125, 7.875]},
			"faces": {
				"north": {"uv": [4.5, 8.5, 6, 10], "texture": "#1"},
				"east": {"uv": [0, 9, 1.5, 10.5], "texture": "#1"},
				"south": {"uv": [1.5, 9, 3, 10.5], "texture": "#1"},
				"west": {"uv": [3, 9, 4.5, 10.5], "texture": "#1"},
				"up": {"uv": [10.5, 7.5, 9, 6], "texture": "#1"},
				"down": {"uv": [9, 9, 7.5, 10.5], "texture": "#1"}
			}
		},
		{
			"from": [8, 0, 3],
			"to": [11.25, 1.5, 4.5],
			"rotation": {"angle": 0, "axis": "y", "origin": [7.75, 1.125, 7.875]},
			"faces": {
				"north": {"uv": [11, 4, 12.5, 5], "texture": "#1"},
				"east": {"uv": [6.5, 13, 7.5, 14], "texture": "#1"},
				"south": {"uv": [11, 5, 12.5, 6], "texture": "#1"},
				"west": {"uv": [13, 7, 14, 8], "texture": "#1"},
				"up": {"uv": [7.5, 12, 6, 11], "texture": "#1"},
				"down": {"uv": [10.5, 11, 9, 12], "texture": "#1"}
			}
		},
		{
			"from": [11, 0, 2.5],
			"to": [13, 2, 4.5],
			"rotation": {"angle": 0, "axis": "y", "origin": [7.75, 1.125, 7.875]},
			"faces": {
				"north": {"uv": [7.5, 13, 8.5, 14], "texture": "#1"},
				"east": {"uv": [13, 8, 14, 9], "texture": "#1"},
				"south": {"uv": [8.5, 13, 9.5, 14], "texture": "#1"},
				"west": {"uv": [9.5, 13, 10.5, 14], "texture": "#1"},
				"up": {"uv": [11.5, 14, 10.5, 13], "texture": "#1"},
				"down": {"uv": [14, 11, 13, 12], "texture": "#1"}
			}
		},
		{
			"from": [3.75, 0, 3.5],
			"to": [12.25, 1.25, 12.5],
			"rotation": {"angle": 0, "axis": "y", "origin": [7, 0, 7]},
			"faces": {
				"north": {"uv": [9, 10.5, 13.5, 11], "texture": "#1"},
				"east": {"uv": [10.5, 9, 15, 9.5], "texture": "#1"},
				"south": {"uv": [10.5, 9.5, 15, 10], "texture": "#1"},
				"west": {"uv": [10.5, 10, 15, 10.5], "texture": "#1"},
				"up": {"uv": [4.5, 4.5, 0, 0], "texture": "#1"},
				"down": {"uv": [4.5, 4.5, 0, 9], "texture": "#1"}
			}
		}
	],
	"display": {
		"head": {
			"translation": [0, 14.25, 0]
		}
	},
	"groups": [
		{
			"name": "group",
			"origin": [8, 8, 8],
			"color": 0,
			"children": [
				{
					"name": "group",
					"origin": [8, 8, 8],
					"color": 0,
					"children": [0, 1, 2, 3, 4, 5, 6, 7, 8]
				},
				{
					"name": "group",
					"origin": [8, 8, 8],
					"color": 0,
					"children": [9, 10, 11, 12, 13, 14, 15, 16, 17]
				},
				18
			]
		}
	]
}