{
	"format_version": "1.21.6",
	"credit": "Made with Blockbench",
	"texture_size": [64, 64],
	"textures": {
		"1": "atrolon:item/hats/scary_mask"
	},
	"elements": [
		{
			"from": [1, 0, 0],
			"to": [15, 16, 0.1],
			"rotation": {"angle": 0, "axis": "y", "origin": [1, 0, 0]},
			"faces": {
				"north": {"uv": [0, 0, 3.5, 4], "texture": "#1"},
				"east": {"uv": [1, 5.75, 1.25, 9.75], "texture": "#1"},
				"south": {"uv": [3.5, 0, 7, 4], "texture": "#1"},
				"west": {"uv": [1.25, 5.75, 1.5, 9.75], "texture": "#1"},
				"up": {"uv": [5, 6, 1.5, 5.75], "texture": "#1"},
				"down": {"uv": [8.5, 5.75, 5, 6], "texture": "#1"}
			}
		},
		{
			"from": [15, 1, 0],
			"to": [16, 15, 0.1],
			"rotation": {"angle": 0, "axis": "y", "origin": [15, 1, 0]},
			"faces": {
				"north": {"uv": [1.5, 6, 1.75, 9.5], "texture": "#1"},
				"east": {"uv": [1.75, 6, 2, 9.5], "texture": "#1"},
				"south": {"uv": [2, 6, 2.25, 9.5], "texture": "#1"},
				"west": {"uv": [2.25, 6, 2.5, 9.5], "texture": "#1"},
				"up": {"uv": [5.25, 6.25, 5, 6], "texture": "#1"},
				"down": {"uv": [5.5, 6, 5.25, 6.25], "texture": "#1"}
			}
		},
		{
			"from": [0, 1, 0],
			"to": [1, 15, 0.1],
			"rotation": {"angle": 0, "axis": "y", "origin": [0, 1, 0]},
			"faces": {
				"north": {"uv": [2.5, 6, 2.75, 9.5], "texture": "#1"},
				"east": {"uv": [2.75, 6, 3, 9.5], "texture": "#1"},
				"south": {"uv": [3, 6, 3.25, 9.5], "texture": "#1"},
				"west": {"uv": [3.25, 6, 3.5, 9.5], "texture": "#1"},
				"up": {"uv": [5.75, 6.25, 5.5, 6], "texture": "#1"},
				"down": {"uv": [6, 6, 5.75, 6.25], "texture": "#1"}
			}
		},
		{
			"from": [0, 6, 0.1],
			"to": [0.1, 8, 16],
			"rotation": {"angle": 0, "axis": "y", "origin": [0, 6, 0]},
			"faces": {
				"north": {"uv": [3.5, 6, 3.75, 6.5], "texture": "#1"},
				"east": {"uv": [0, 4, 4, 4.5], "texture": "#1"},
				"south": {"uv": [3.75, 6, 4, 6.5], "texture": "#1"},
				"west": {"uv": [4, 4, 8, 4.5], "texture": "#1"},
				"up": {"uv": [0.25, 9.5, 0, 5.5], "texture": "#1"},
				"down": {"uv": [0.5, 5.5, 0.25, 9.5], "texture": "#1"}
			}
		},
		{
			"from": [0, 6, 16],
			"to": [16, 8, 16.1],
			"rotation": {"angle": 0, "axis": "y", "origin": [0, 6, 16]},
			"faces": {
				"north": {"uv": [0, 4.5, 4, 5], "texture": "#1"},
				"east": {"uv": [4, 6, 4.25, 6.5], "texture": "#1"},
				"south": {"uv": [4, 4.5, 8, 5], "texture": "#1"},
				"west": {"uv": [4.25, 6, 4.5, 6.5], "texture": "#1"},
				"up": {"uv": [4.5, 5.75, 0.5, 5.5], "texture": "#1"},
				"down": {"uv": [8.5, 5.5, 4.5, 5.75], "texture": "#1"}
			}
		},
		{
			"from": [15.9, 6, 0.1],
			"to": [16, 8, 16],
			"rotation": {"angle": 0, "axis": "y", "origin": [15.9, 6, 0]},
			"faces": {
				"north": {"uv": [4.5, 6, 4.75, 6.5], "texture": "#1"},
				"east": {"uv": [0, 5, 4, 5.5], "texture": "#1"},
				"south": {"uv": [4.75, 6, 5, 6.5], "texture": "#1"},
				"west": {"uv": [4, 5, 8, 5.5], "texture": "#1"},
				"up": {"uv": [0.75, 9.75, 0.5, 5.75], "texture": "#1"},
				"down": {"uv": [1, 5.75, 0.75, 9.75], "texture": "#1"}
			}
		}
	],
	"display": {
		"thirdperson_righthand": {
			"translation": [0, -1, 2.75],
			"scale": [0.4, 0.4, 0.4]
		},
		"thirdperson_lefthand": {
			"translation": [0, -1, 2.75],
			"scale": [0.4, 0.4, 0.4]
		},
		"firstperson_righthand": {
			"translation": [0, -80, 0]
		},
		"firstperson_lefthand": {
			"translation": [0, -80, 0]
		},
		"ground": {
			"translation": [0, 3.25, 0],
			"scale": [0.6, 0.6, 0.6]
		},
		"gui": {
			"rotation": [0, -180, 0],
			"scale": [0.9, 0.9, 0.9]
		},
		"head": {
			"scale": [0.87, 0.87, 0.87]
		},
		"fixed": {
			"translation": [0, 0, 8.75]
		}
	},
	"groups": [
		{
			"name": "group",
			"origin": [8, 8, 8],
			"color": 0,
			"children": [0, 1, 2]
		},
		{
			"name": "group",
			"origin": [8, 8, 8],
			"color": 0,
			"children": [3, 4, 5]
		}
	]
}