{
  "providers": [
    {
      "type": "bitmap",
      "file": "atrik_prod:font/icons/game_title.png",
      "ascent": 6,
      "height": 32,
      "chars": ["\u0002"]
    },
    {
      "type": "bitmap",
      "file": "atrik_prod:font/icons/game_title_huge_1.png",
      "ascent": 6,
      "height": 64,
      "chars": ["\u0003"]
    },
    {
      "type": "bitmap",
      "file": "atrik_prod:font/icons/game_title_huge_2.png",
      "ascent": 6,
      "height": 64,
      "chars": ["\u0004"]
    },
    {
      "type": "bitmap",
      "file": "atrik_prod:font/icons/game_title_huge_3.png",
      "ascent": 6,
      "height": 64,
      "chars": ["\u0005"]
    },
    {
      "type": "bitmap",
      "file": "atrik_prod:font/icons/game_title_huge_4.png",
      "ascent": 6,
      "height": 64,
      "chars": ["\u0006"]
    },
    {
      "type": "bitmap",
      "file": "atrik_prod:font/icons/game_title_huge_5.png",
      "ascent": -48,
      "height": 64,
      "chars": ["\u0007"]
    },
    {
      "type": "bitmap",
      "file": "atrik_prod:font/icons/game_title_huge_6.png",
      "ascent": -48,
      "height": 64,
      "chars": ["\u0008"]
    },
    {
      "type": "bitmap",
      "file": "atrik_prod:font/icons/game_title_huge_7.png",
      "ascent": -48,
      "height": 64,
      "chars": ["\u0009"]
    },
    {
      "type": "bitmap",
      "file": "atrik_prod:font/icons/game_title_huge_8.png",
      "ascent": -48,
      "height": 64,
      "chars": ["\u000B"]
    },
    {
      "type": "space",
      "advances": {
        "\uE001": 0
      }
    },
    {
      "type": "bitmap",
      "file": "atrik_prod:font/linebreak.png",
      "chars": ["\uE001"],
      "ascent": -20,
      "height": 0,
      "shift": [0, -10]
    }
  ]
}