{
  "model": {
    "type": "select",
    "property": "custom_model_data",
    "fallback": {
      "type": "model",
      "model": "item/diamond"
    },
    "cases": [
      {
        "when": "atrik_left_arm",
        "model": {
          "type": "model",
          "model": "item/atrik_left_arm"
        }
      },
      {
        "when": "atrik_right_arm",
        "model": {
          "type": "model",
          "model": "item/atrik_right_arm"
        }
      },
      {
        "when": "atrik_left_leg",
        "model": {
          "type": "model",
          "model": "item/atrik_left_leg"
        }
      },
      {
        "when": "atrik_right_leg",
        "model": {
          "type": "model",
          "model": "item/atrik_right_leg"
        }
      },
      {
        "when": "atrik_body",
        "model": {
          "type": "model",
          "model": "item/atrik_body"
        }
      },
      {
        "when": "atrik_head",
        "model": {
          "type": "model",
          "model": "item/atrik_head"
        }
      },
      {
        "when": "atrik",
        "model": {
          "type": "model",
          "model": "item/atrik"
        }
      },
	    {
        "when": "birthday_hat",
        "model": {
          "type": "model",
          "model": "atrolon:item/hats/birthday_hat"
        }
      },
      {
        "when": "arrow_in_head",
        "model": {
          "type": "model",
          "model": "atrolon:item/hats/arrow_in_head"
        }
      },
      {
        "when": "bandage_1",
        "model": {
          "type": "model",
          "model": "atrolon:item/hats/bandage_1"
        }
      },
      {
        "when": "bandage_2",
        "model": {
          "type": "model",
          "model": "atrolon:item/hats/bandage_2"
        }
      },
      {
        "when": "bandage_3",
        "model": {
          "type": "model",
          "model": "atrolon:item/hats/bandage_3"
        }
      },
      {
        "when": "big_eyes",
        "model": {
          "type": "model",
          "model": "atrolon:item/hats/big_eyes"
        }
      },
      {
        "when": "halo",
        "model": {
          "type": "model",
          "model": "atrolon:item/hats/halo"
        }
      },
      {
        "when": "scary_mask",
        "model": {
          "type": "model",
          "model": "atrolon:item/hats/scary_mask"
        }
      },
      {
        "when": "anonymous_mask",
        "model": {
          "type": "model",
          "model": "atrolon:item/hats/anonymous_mask"
        }
      },
      {
        "when": "crown_1",
        "model": {
          "type": "model",
          "model": "atrolon:item/hats/crown_1"
        }
      },
      {
        "when": "crown_2",
        "model": {
          "type": "model",
          "model": "atrolon:item/hats/crown_2"
        }
      },
      {
        "when": "amogus",
        "model": {
          "type": "model",
          "model": "atrolon:item/hats/amogus"
        }
      },
      {
        "when": "poop_1",
        "model": {
          "type": "model",
          "model": "atrolon:item/hats/poop_1"
        }
      },
      {
        "when": "poop_2",
        "model": {
          "type": "model",
          "model": "atrolon:item/hats/poop_2"
        }
      },
      {
        "when": "poop_3",
        "model": {
          "type": "model",
          "model": "atrolon:item/hats/poop_3"
        }
      },
      {
        "when": "list",
        "model": {
          "type": "model",
          "model": "atrolon:item/hats/list"
        }
      },
      {
        "when": "lake",
        "model": {
          "type": "model",
          "model": "atrolon:item/hats/lake"
        }
      },
      {
        "when": "horns",
        "model": {
          "type": "model",
          "model": "atrolon:item/hats/horns"
        }
      },
      {
        "when": "farmers_hat",
        "model": {
          "type": "model",
          "model": "atrolon:item/hats/farmers_hat"
        }
      },
      {
        "when": "crown_4",
        "model": {
          "type": "model",
          "model": "atrolon:item/hats/crown_4"
        }
      },
      {
        "when": "crown_3",
        "model": {
          "type": "model",
          "model": "atrolon:item/hats/crown_3"
        }
      },
      {
        "when": "lonors",
        "model": {
          "type": "model",
          "model": "item/lonors"
        }
      },
      {
        "when": "lonors_real",
        "model": {
          "type": "model",
          "model": "item/lonors_real"
        }
      }
    ]
  }
}