{
  "model": {
    "type": "select",
    "property": "custom_model_data",
    "fallback": {
      "type": "model",
      "model": "item/glass_pane"
    },
    "cases": [
      {
        "when": "invisible",
        "model": {
          "type": "model",
          "model": "atrolon:item/empty"
        }
      },
      {
        "when": "team_select",
        "model": {
          "type": "model",
          "model": "atrolon:item/team_select"
        }
      },
      {
        "when": "inactive_team_select",
        "model": {
          "type": "model",
          "model": "atrolon:item/inactive_team_select"
        }
      },
      {
        "when": "spectator",
        "model": {
          "type": "model",
          "model": "atrolon:item/spectator"
        }
      },
      {
        "when": "customization",
        "model": {
          "type": "model",
          "model": "atrolon:item/customization"
        }
      }
    ]
  }
}