{
  "providers": [
    {
      "type": "bitmap",
      "file": "atrolon:font/menu/team_select_menu_bgr.png",
      "ascent": 13,
      "height": 176,
      "chars": ["\u0001"]
    },
    {
      "type": "bitmap",
      "file": "atrolon:font/menu/button.png",
      "ascent": -6,
      "height": 16,
      "chars": ["\u0002"]
    },
    {
      "type": "bitmap",
      "file": "atrolon:font/menu/button.png",
      "ascent": -24,
      "height": 16,
      "chars": ["\u0003"]
    },
    {
      "type": "bitmap",
      "file": "atrolon:font/menu/button.png",
      "ascent": -42,
      "height": 16,
      "chars": ["\u0004"]
    },
    {
      "type": "bitmap",
      "file": "atrolon:font/menu/button.png",
      "ascent": -60,
      "height": 16,
      "chars": ["\u0005"]
    },
    {
      "type": "bitmap",
      "file": "atrolon:font/menu/button.png",
      "ascent": -78,
      "height": 16,
      "chars": ["\u0006"]
    },
    {
      "type": "bitmap",
      "file": "atrolon:font/menu/customization_page_menu_bgr.png",
      "ascent": 23,
      "height": 176,
      "chars": ["\u0007"]
    },
    {
      "type": "bitmap",
      "file": "atrolon:font/menu/page_button.png",
      "ascent": -78,
      "height": 15,
      "chars": ["\u0008"]
    },
    {
      "type": "bitmap",
      "file": "atrolon:font/menu/page_bgr.png",
      "ascent": -78,
      "height": 15,
      "chars": ["\u000B"]
    },
    {
      "type": "bitmap",
      "file": "atrolon:font/menu/buy_entry_button.png",
      "ascent": -5,
      "height": 17,
      "chars": ["\u000C"]
    },
    {
      "type": "bitmap",
      "file": "atrolon:font/menu/buy_entry_button.png",
      "ascent": -23,
      "height": 17,
      "chars": ["\u000E"]
    },
    {
      "type": "bitmap",
      "file": "atrolon:font/menu/buy_entry_button.png",
      "ascent": -41,
      "height": 17,
      "chars": ["\u000F"]
    },
    {
      "type": "bitmap",
      "file": "atrolon:font/menu/buy_entry_button.png",
      "ascent": -59,
      "height": 17,
      "chars": ["\u0011"]
    },
    {
      "type": "bitmap",
      "file": "atrolon:font/menu/buy_type_select_button.png",
      "ascent": -5,
      "height": 17,
      "chars": ["\u0012"]
    },
    {
      "type": "bitmap",
      "file": "atrolon:font/menu/buy_type_select_button.png",
      "ascent": -23,
      "height": 17,
      "chars": ["\u0013"]
    },
    {
      "type": "bitmap",
      "file": "atrolon:font/menu/buy_type_select_button.png",
      "ascent": -41,
      "height": 17,
      "chars": ["\u0014"]
    },
    {
      "type": "bitmap",
      "file": "atrolon:font/menu/buy_type_select_button.png",
      "ascent": -59,
      "height": 17,
      "chars": ["\u0015"]
    }
  ]
}