{
  "model": {
    "type": "select",
    "property": "custom_model_data",
    "fallback": {
      "type": "model",
      "model": "item/diamond"
    },
    "cases": [
      {
        "when": "atrik",
        "model": {
          "type": "model",
          "model": "item/atrik"
        }
      },
      {
        "when": "lonors",
        "model": {
          "type": "model",
          "model": "item/lonors"
        }
      },
      {
        "when": "lonors_real",
        "model": {
          "type": "model",
          "model": "item/lonors_real"
        }
      },
      {
        "when": "alexunder",
        "model": {
          "type": "model",
          "model": "item/alexunder"
        }
      },
      {
        "when": "tarfor",
        "model": {
          "type": "model",
          "model": "item/tarfor"
        }
      },
      {
        "when": "axenio",
        "model": {
          "type": "model",
          "model": "item/axenio"
        }
      },
      {
        "when": "christmas_hat",
        "model": {
          "type": "model",
          "model": "atrolon:item/christmas_hat"
        }
      }
    ]
  }
}