{
	"format_version": "1.9.0",
	"credit": "Made with Blockbench",
	"texture_size": [64, 64],
	"textures": {
		"1": "atrolon:item/christmas_hat"
	},
	"elements": [
		{
			"from": [0, 0, 0],
			"to": [16, 3, 16],
			"rotation": {"angle": 0, "axis": "y", "origin": [8, 1.5, 8]},
			"faces": {
				"north": {"uv": [8.75, 10, 12.75, 10.75], "texture": "#1"},
				"east": {"uv": [10, 9, 14, 9.75], "texture": "#1"},
				"south": {"uv": [10.5, 0, 14.5, 0.75], "texture": "#1"},
				"west": {"uv": [10.5, 0.75, 14.5, 1.5], "texture": "#1"},
				"up": {"uv": [4, 4, 0, 0], "texture": "#1"},
				"down": {"uv": [4, 4, 0, 8], "texture": "#1"}
			}
		},
		{
			"from": [1, 3, 1],
			"to": [15, 6, 15],
			"rotation": {"angle": 0, "axis": "y", "origin": [8, 4.5, 8]},
			"faces": {
				"north": {"uv": [10.5, 1.5, 14, 2.25], "texture": "#1"},
				"east": {"uv": [10.5, 2.25, 14, 3], "texture": "#1"},
				"south": {"uv": [10.5, 3, 14, 3.75], "texture": "#1"},
				"west": {"uv": [10.5, 3.75, 14, 4.5], "texture": "#1"},
				"up": {"uv": [7.5, 3.5, 4, 0], "texture": "#1"},
				"down": {"uv": [7.5, 3.5, 4, 7], "texture": "#1"}
			}
		},
		{
			"from": [1.43433, 2.87117, 2],
			"to": [13.43433, 9.37117, 14],
			"rotation": {"angle": 22.5, "axis": "z", "origin": [7.43433, 6.37117, 8]},
			"faces": {
				"north": {"uv": [7.5, 0, 10.5, 1.625], "texture": "#1"},
				"east": {"uv": [7.5, 1.75, 10.5, 3.375], "texture": "#1"},
				"south": {"uv": [7.5, 3.5, 10.5, 5.125], "texture": "#1"},
				"west": {"uv": [7.5, 5.25, 10.5, 6.875], "texture": "#1"},
				"up": {"uv": [7, 10, 4, 7], "texture": "#1"},
				"down": {"uv": [10, 7, 7, 10], "texture": "#1"}
			}
		},
		{
			"from": [2.43433, 6.37117, 4],
			"to": [10.68433, 14.37117, 12],
			"rotation": {"angle": -22.5, "axis": "z", "origin": [3.43433, 10.37117, 8]},
			"faces": {
				"north": {"uv": [0, 8, 2.0625, 10], "texture": "#1"},
				"east": {"uv": [6.75, 10, 8.75, 12], "texture": "#1"},
				"south": {"uv": [0, 10, 2.0625, 12], "texture": "#1"},
				"west": {"uv": [10, 7, 12, 9], "texture": "#1"},
				"up": {"uv": [4.3125, 12, 2.25, 10], "texture": "#1"},
				"down": {"uv": [6.5625, 10, 4.5, 12], "texture": "#1"}
			}
		},
		{
			"from": [-0.56567, 8.37117, 6],
			"to": [3.18433, 12.37117, 10],
			"rotation": {"angle": 0, "axis": "z", "origin": [-2.56567, 10.37117, 8]},
			"faces": {
				"north": {"uv": [10.5, 4.5, 11.4375, 5.5], "texture": "#1"},
				"east": {"uv": [2.25, 8, 3.25, 9], "texture": "#1"},
				"south": {"uv": [10.5, 5.5, 11.4375, 6.5], "texture": "#1"},
				"west": {"uv": [2.25, 9, 3.25, 10], "texture": "#1"},
				"up": {"uv": [9.6875, 11.75, 8.75, 10.75], "texture": "#1"},
				"down": {"uv": [10.6875, 10.75, 9.75, 11.75], "texture": "#1"}
			}
		},
		{
			"from": [-3.06567, 6.37117, 6.5],
			"to": [0.18433, 9.37117, 9.5],
			"rotation": {"angle": 0, "axis": "y", "origin": [-5.06567, 7.87117, 8]},
			"faces": {
				"north": {"uv": [10.75, 10.75, 11.5625, 11.5], "texture": "#1"},
				"east": {"uv": [3.25, 8, 4, 8.75], "texture": "#1"},
				"south": {"uv": [11.5, 4.5, 12.3125, 5.25], "texture": "#1"},
				"west": {"uv": [3.25, 8.75, 4, 9.5], "texture": "#1"},
				"up": {"uv": [12.3125, 6, 11.5, 5.25], "texture": "#1"},
				"down": {"uv": [12.3125, 6, 11.5, 6.75], "texture": "#1"}
			}
		}
	],
	"display": {
		"thirdperson_righthand": {
			"rotation": [50, 30, 0],
			"translation": [0, 1.75, 0.5],
			"scale": [0.35, 0.35, 0.35]
		},
		"thirdperson_lefthand": {
			"rotation": [50, -140, 0],
			"translation": [0, 1.75, 0.5],
			"scale": [0.35, 0.35, 0.35]
		},
		"firstperson_righthand": {
			"rotation": [0, 30, 0],
			"translation": [0, 2.75, 0],
			"scale": [0.5, 0.5, 0.5]
		},
		"firstperson_lefthand": {
			"rotation": [0, -140, 0],
			"translation": [0, 2.75, 0],
			"scale": [0.5, 0.5, 0.5]
		},
		"ground": {
			"translation": [0, 2.5, 0],
			"scale": [0.6, 0.6, 0.6]
		},
		"gui": {
			"rotation": [50, -140, 0],
			"translation": [0.5, 1.5, 0],
			"scale": [0.6, 0.6, 0.6]
		},
		"head": {
			"rotation": [0, 90, 0],
			"translation": [0, 11, 0]
		},
		"fixed": {
			"rotation": [-30, 60, 0],
			"translation": [0, 1.5, -0.75],
			"scale": [0.7, 0.7, 0.7]
		}
	}
}