{
  "providers": [
    {
      "type": "bitmap",
      "file": "atrolon:font/icons/game_title.png",
      "ascent": 6,
      "height": 32,
      "chars": ["\u0002"]
    },
    {
      "type": "bitmap",
      "file": "atrolon:font/icons/aviasales.png",
      "ascent": 7,
      "height": 8,
      "chars": ["\u000C"]
    },
    {"type": "bitmap", "file": "atrolon:font/icons/width_bgr.png", "ascent": 10, "height": 16, "chars": ["\u000E"]},
    {"type": "bitmap", "file": "atrolon:font/icons/pixel.png", "ascent": -16, "height": 1, "chars": ["\uE002"]},
    {
      "type": "space",
      "advances": {
        "\uE001": 0
      }
    },
    {
      "type": "bitmap",
      "file": "atrolon:font/linebreak.png",
      "chars": ["\uE001"],
      "ascent": -20,
      "height": 0,
      "shift": [0, -10]
    }
  ]
}